Whole Person Physiome Table for Male Reproductive System,,,,,,,,,,,,,,,,,,,,,,,,,,,,,,,,,,,,,,,,,,,,,,,,,,,,,,,,,,,,,,,,,,,,,,,,,,,,,,
,,,,,,,,,,,,,,,,,,,,,,,,,,,,,,,,,,,,,,,,,,,,,,,,,,,,,,,,,,,,,,,,,,,,,,,,,,,,,,
Author Name(s):,Jacob C. Scherba,,,,,,,,,,,,,,,,,,,,,,,,,,,,,,,,,,,,,,,,,,,,,,,,,,,,,,,,,,,,,,,,,,,,,,,,,,,,,
Author ORCID(s):,0000-0001-8187-0507,,,,,,,,,,,,,,,,,,,,,,,,,,,,,,,,,,,,,,,,,,,,,,,,,,,,,,,,,,,,,,,,,,,,,,,,,,,,,
Reviewer Name(s):,Kotaro Sasaki,,,,,,,,,,,,,,,,,,,,,,,,,,,,,,,,,,,,,,,,,,,,,,,,,,,,,,,,,,,,,,,,,,,,,,,,,,,,,
Reviewer ORCID(s):,0000-0002-5604-2651,,,,,,,,,,,,,,,,,,,,,,,,,,,,,,,,,,,,,,,,,,,,,,,,,,,,,,,,,,,,,,,,,,,,,,,,,,,,,
General Publication(s):,,,,,,,,,,,,,,,,,,,,,,,,,,,,,,,,,,,,,,,,,,,,,,,,,,,,,,,,,,,,,,,,,,,,,,,,,,,,,,
Data DOI:,,,,,,,,,,,,,,,,,,,,,,,,,,,,,,,,,,,,,,,,,,,,,,,,,,,,,,,,,,,,,,,,,,,,,,,,,,,,,,
Date:,11/5/2025,,,,,,,,,,,,,,,,,,,,,,,,,,,,,,,,,,,,,,,,,,,,,,,,,,,,,,,,,,,,,,,,,,,,,,,,,,,,,
Version Number:,v1.0,,,,,,,,,,,,,,,,,,,,,,,,,,,,,,,,,,,,,,,,,,,,,,,,,,,,,,,,,,,,,,,,,,,,,,,,,,,,,
"List physiological functions as a hierarchy, starting with the body system in Function/1 (this should be the same as the table name), a major life function in Function/2, and more specific functions in subsequent columns. Add more columns if needed. Place limited explanatory text if needed in Function/Notes. Each function should include a ID from Gene Ontology (GO) if possible or another standard ontology. The LABEL column is the label for that ID as it appears in that ontology.",,,,,,,,,,,,,,,,,,,,,,,,,"Provide a very brief description (a few words) of the specific processes that occur during the corresponding function (e.g., a chemical reaction, physical change, feedback loop, etc.) in the Process column. Enter whether the Effector is a cell, tissue, or organ. Provide the anatomical location of the Effector in EffectorLocation along with the associated UBERON ID, if avaialble. Enter the Effector and its UBERON ID in the following columns. See Glossary for detailed instructions on tabulating the Signal, Effect, Behavior, Behavior X, Behavior Y, and X Target columns.",,,,,,,,,,,,,,Enter notes here from primary texts on quantitative information available for the processes denoted to the left,"Indicate the time scale category for this process: milliseconds, seconds, minutes, hours, days, weeks, years.","Indicate the signal scale category for this process: autocrine, paracrine, intra-organ, circulatory, systemic","Indicate the signal scale category for this process: autocrine, paracrine, intra-organ, circulatory, systemic","OPTIONAL FOR NOW. List clinical measures, such as laboratory tests, vital signs, or radiology studies, related to the physiological function. These columns are simple lists and are NOT hierarchical. Include an ID for the measurement, such as a LOINC code, if known. Add more columns if needed.",,,,,,,,,,,,"OPTIONAL FOR NOW. List other interacting physiological functions. These columns are simple lists and NOT hierarchical. Add more columns if needed. For the LABEL and ID columns, use Gene Ontology (GO) if possible.",,,,,,,,,,,,"REQUIRED. Enter references in support of the information on this row. The ID column should include a standard identifier, such as a DOI or ISBN. The optional CHAPTER column should be used to list the relevant chapters in a book. The optional NOTES column can be used to clarify which part of the row the reference is for, such as a reference about the anatomical structures involved in the function rather than the interactions. Add more sets of reference columns if needed, making sure to include the ID column.",,,,,,,,,,,
Function/1,Function/1/LABEL,Function/1/ID,Function/2,Function/2/LABEL,Function/2/ID,Function/3,Function/3/LABEL,Function/3/ID,Function/4,Function/4/LABEL,Function/4/ID,Function/5,Function/5/LABEL,Function/5/ID,Function/6,Function/6/LABEL,Function/6/ID,Function/7,Function/7/LABEL,Function/7/ID,Function/8,Function/8/LABEL,Function/8/ID,Function/Notes,Process,EffectorScale,EffectorLocation,EffectorLocation/LABEL,EffectorLocation/ID,Effector,Effector/LABEL,Effector/ID,Signal,Effect,Behavior,Behavior X,Behavior Y,X Target,QuantitativeNotes,TimeScale,SignalScale,EffectScale,ClinicalMeasure/1,ClinicalMeasure/1/LABEL,ClinicalMeasure/1/ID,ClinicalMeasure/2,ClinicalMeasure/2/LABEL,ClinicalMeasure/2/ID,ClinicalMeasure/3,ClinicalMeasure/3/LABEL,ClinicalMeasure/3/ID,ClinicalMeasure/4,ClinicalMeasure/4/LABEL,ClinicalMeasure/4/ID,Interaction/1,Interaction/1/LABEL,Interaction/1/ID,Interaction/2,Interaction/2/LABEL,Interaction/2/ID,Interaction/3,Interaction/3/LABEL,Interaction/3/ID,Interaction/4,Interaction/4/LABEL,Interaction/4/ID,REF/1,REF/1/ID,REF/1/CHAPTER,REF/1/NOTES,REF/2,REF/2/ID,REF/2/CHAPTER,REF/2/NOTES,REF/3,REF/3/ID,REF/3/CHAPTER,REF/3/NOTES
male reproductive system,reproductive process,GO:0022414,homeostasis,homeostatic process,GO:0042592,endocrine autoregulation,regulation of endocrine process,GO:0044060,anterior pituitary inhibition,,,somatostatin production,somatostatin secretion,GO:0070253,,,,,,,,,,,parvocellular neurons release somatostatin and dopamine to inhibit the anterior pituitary,cell,paraventricular nucleus,paraventricular nucleus of hypothalamus,UBERON:0001930,parvocellular neurons,parvocellular neurosecretory cell,CL:1001505,,does ,X secretion,somatostatin,,"[0, 30]",units = pg/mL,seconds,,"paracrine, circulatory",,,,,,,,,,,,,anterior pituitary function,,,,,,,,,,,,"Endocrine Physiology, 6th Edition (2023)",ISBN: 9781264278459,2,,,,,,,,,
male reproductive system,reproductive process,GO:0022414,homeostasis,homeostatic process,GO:0042592,endocrine autoregulation,regulation of endocrine process,GO:0044060,anterior pituitary inhibition,,,,,,,,,,,,,,,,,cell,paraventricular nucleus,paraventricular nucleus of hypothalamus,UBERON:0001930,parvocellular neurons,parvocellular neurosecretory cell,CL:1001505,,does ,X secretion,dopamine,,"[0, 30]",units = pg/mL,seconds,,"paracrine, circulatory",,,,,,,,,,,,,anterior pituitary function,,,,,,,,,,,,"Endocrine Physiology, 6th Edition (2023)",ISBN: 9781264278459,2,,,,,,,,,
male reproductive system,reproductive process,GO:0022414,homeostasis,homeostatic process,GO:0042592,endocrine autoregulation,regulation of endocrine process,GO:0044060,anterior pituitary inhibition,,,,,,,,,,,,,,,,,organ,pituitary gland,pituitary gland,UBERON:0000007,anterior pituitary,adenohypophysis,UBERON:0002196,,does ,X secretion,growth hormone,,,,seconds,,circulatory,,,,,,,,,,,,,,,,,,,,,,,,,"Endocrine Physiology, 6th Edition (2023)",ISBN: 9781264278459,2,,,,,,,,,
male reproductive system,reproductive process,GO:0022414,homeostasis,homeostatic process,GO:0042592,endocrine autoregulation,regulation of endocrine process,GO:0044060,anterior pituitary inhibition,,,,,,,,,,,,,,,,,organ,pituitary gland,pituitary gland,UBERON:0000007,anterior pituitary,adenohypophysis,UBERON:0002196,somatostatin,decreases,X secretion,growth hormone,,,,"minutes, hours",paracrine,circulatory,,,,,,,,,,,,,,,,,,,,,,,,,"Endocrine Physiology, 6th Edition (2023)",ISBN: 9781264278459,2,,,,,,,,,
male reproductive system,reproductive process,GO:0022414,homeostasis,homeostatic process,GO:0042592,endocrine autoregulation,regulation of endocrine process,GO:0044060,anterior pituitary inhibition,,,,,,,,,,,,,,,,,organ,pituitary gland,pituitary gland,UBERON:0000007,anterior pituitary,adenohypophysis,UBERON:0002196,dopamine,decreases,X secretion,growth hormone,,,,"minutes, hours",paracrine,circulatory,,,,,,,,,,,,,,,,,,,,,,,,,"Endocrine Physiology, 6th Edition (2023)",ISBN: 9781264278459,2,,,,,,,,,
male reproductive system,reproductive process,GO:0022414,homeostasis,homeostatic process,GO:0042592,endocrine autoregulation,regulation of endocrine process,GO:0044060,anterior pituitary inhibition,,,,,,,,,,,,,,,,,organ,pituitary gland,pituitary gland,UBERON:0000007,anterior pituitary,adenohypophysis,UBERON:0002196,,does ,X secretion,thyroid stimulating hormone,,"[0.5, 4]",units = mU/L,"seconds, minutes",,circulatory,,,,,,,,,,,,,,,,,,,,,,,,,"Endocrine Physiology, 6th Edition (2023)",ISBN: 9781264278459,2,,,,,,,,,
male reproductive system,reproductive process,GO:0022414,homeostasis,homeostatic process,GO:0042592,endocrine autoregulation,regulation of endocrine process,GO:0044060,anterior pituitary inhibition,,,,,,,,,,,,,,,,,organ,pituitary gland,pituitary gland,UBERON:0000007,anterior pituitary,adenohypophysis,UBERON:0002196,somatostatin,decreases,X secretion,thyroid stimulating hormone,,,,"minutes, hours",paracrine,circulatory,,,,,,,,,,,,,,,,,,,,,,,,,"Endocrine Physiology, 6th Edition (2023)",ISBN: 9781264278459,2,,,,,,,,,
male reproductive system,reproductive process,GO:0022414,homeostasis,homeostatic process,GO:0042592,endocrine autoregulation,regulation of endocrine process,GO:0044060,anterior pituitary inhibition,,,,,,,,,,,,,,,,,organ,pituitary gland,pituitary gland,UBERON:0000007,anterior pituitary,adenohypophysis,UBERON:0002196,dopamine,decreases,X secretion,thyroid stimulating hormone,,,,"minutes, hours",paracrine,circulatory,,,,,,,,,,,,,,,,,,,,,,,,,"Endocrine Physiology, 6th Edition (2023)",ISBN: 9781264278459,2,,,,,,,,,
male reproductive system,reproductive process,GO:0022414,homeostasis,homeostatic process,GO:0042592,endocrine autoregulation,regulation of endocrine process,GO:0044060,anterior pituitary inhibition,,,,,,,,,,,,,,,,,organ,pituitary gland,pituitary gland,UBERON:0000007,anterior pituitary,adenohypophysis,UBERON:0002196,,does ,X secretion,adrenocorticotropic hormone,,"[10, 60]",units = pg/mL,"seconds, minutes",,circulatory,,,,,,,,,,,,,,,,,,,,,,,,,"Endocrine Physiology, 6th Edition (2023)",ISBN: 9781264278459,2,,,,,,,,,
male reproductive system,reproductive process,GO:0022414,homeostasis,homeostatic process,GO:0042592,endocrine autoregulation,regulation of endocrine process,GO:0044060,anterior pituitary inhibition,,,,,,,,,,,,,,,,,organ,pituitary gland,pituitary gland,UBERON:0000007,anterior pituitary,adenohypophysis,UBERON:0002196,somatostatin,decreases,X secretion,adrenocorticotropic hormone,,,,"minutes, hours",paracrine,circulatory,,,,,,,,,,,,,,,,,,,,,,,,,"Endocrine Physiology, 6th Edition (2023)",ISBN: 9781264278459,2,,,,,,,,,
male reproductive system,reproductive process,GO:0022414,homeostasis,homeostatic process,GO:0042592,endocrine autoregulation,regulation of endocrine process,GO:0044060,anterior pituitary inhibition,,,,,,,,,,,,,,,,,organ,pituitary gland,pituitary gland,UBERON:0000007,anterior pituitary,adenohypophysis,UBERON:0002196,dopamine,decreases,X secretion,adrenocorticotropic hormone,,,,"minutes, hours",paracrine,circulatory,,,,,,,,,,,,,,,,,,,,,,,,,"Endocrine Physiology, 6th Edition (2023)",ISBN: 9781264278459,2,,,,,,,,,
male reproductive system,reproductive process,GO:0022414,homeostasis,homeostatic process,GO:0042592,endocrine autoregulation,regulation of endocrine process,GO:0044060,anterior pituitary inhibition,,,,,,,,,,,,,,,,,organ,pituitary gland,pituitary gland,UBERON:0000007,anterior pituitary,adenohypophysis,UBERON:0002196,,does ,X secretion,follicle stimulating hormone,,"[1, 7]",units = mU/mL,"seconds, minutes",,circulatory,,,,,,,,,,,,,,,,,,,,,,,,,"Endocrine Physiology, 6th Edition (2023)",ISBN: 9781264278459,2,,,,,,,,,
male reproductive system,reproductive process,GO:0022414,homeostasis,homeostatic process,GO:0042592,endocrine autoregulation,regulation of endocrine process,GO:0044060,anterior pituitary inhibition,,,,,,,,,,,,,,,,,organ,pituitary gland,pituitary gland,UBERON:0000007,anterior pituitary,adenohypophysis,UBERON:0002196,somatostatin,decreases,X secretion,follicle stimulating hormone,,,,"minutes, hours",paracrine,circulatory,,,,,,,,,,,,,,,,,,,,,,,,,"Endocrine Physiology, 6th Edition (2023)",ISBN: 9781264278459,2,,,,,,,,,
male reproductive system,reproductive process,GO:0022414,homeostasis,homeostatic process,GO:0042592,endocrine autoregulation,regulation of endocrine process,GO:0044060,anterior pituitary inhibition,,,,,,,,,,,,,,,,,organ,pituitary gland,pituitary gland,UBERON:0000007,anterior pituitary,adenohypophysis,UBERON:0002196,dopamine,decreases,X secretion,follicle stimulating hormone,,,,"minutes, hours",paracrine,circulatory,,,,,,,,,,,,,,,,,,,,,,,,,"Endocrine Physiology, 6th Edition (2023)",ISBN: 9781264278459,2,,,,,,,,,
male reproductive system,reproductive process,GO:0022414,homeostasis,homeostatic process,GO:0042592,endocrine autoregulation,regulation of endocrine process,GO:0044060,anterior pituitary inhibition,,,,,,,,,,,,,,,,,organ,pituitary gland,pituitary gland,UBERON:0000007,anterior pituitary,adenohypophysis,UBERON:0002196,,does ,X secretion,luteinizing hormone,,"[2, 9]",units = mU/mL,"seconds, minutes",,circulatory,,,,,,,,,,,,,,,,,,,,,,,,,"Endocrine Physiology, 6th Edition (2023)",ISBN: 9781264278459,2,,,,,,,,,
male reproductive system,reproductive process,GO:0022414,homeostasis,homeostatic process,GO:0042592,endocrine autoregulation,regulation of endocrine process,GO:0044060,anterior pituitary inhibition,,,,,,,,,,,,,,,,,organ,pituitary gland,pituitary gland,UBERON:0000007,anterior pituitary,adenohypophysis,UBERON:0002196,somatostatin,decreases,X secretion,luteinizing hormone,,,,"minutes, hours",paracrine,circulatory,,,,,,,,,,,,,,,,,,,,,,,,,"Endocrine Physiology, 6th Edition (2023)",ISBN: 9781264278459,2,,,,,,,,,
male reproductive system,reproductive process,GO:0022414,homeostasis,homeostatic process,GO:0042592,endocrine autoregulation,regulation of endocrine process,GO:0044060,anterior pituitary inhibition,,,,,,,,,,,,,,,,,organ,pituitary gland,pituitary gland,UBERON:0000007,anterior pituitary,adenohypophysis,UBERON:0002196,dopamine,decreases,X secretion,luteinizing hormone,,,,"minutes, hours",paracrine,circulatory,,,,,,,,,,,,,,,,,,,,,,,,,"Endocrine Physiology, 6th Edition (2023)",ISBN: 9781264278459,2,,,,,,,,,
male reproductive system,reproductive process,GO:0022414,homeostasis,homeostatic process,GO:0042592,endocrine autoregulation,regulation of endocrine process,GO:0044060,anterior pituitary inhibition,,,,,,,,,,,,,,,,,organ,pituitary gland,pituitary gland,UBERON:0000007,anterior pituitary,adenohypophysis,UBERON:0002196,,does ,X secretion,prolactin,,"[0,20]",units = ng/mL,"seconds, minutes",,circulatory,,,,,,,,,,,,,,,,,,,,,,,,,"Endocrine Physiology, 6th Edition (2023)",ISBN: 9781264278459,2,,,,,,,,,
male reproductive system,reproductive process,GO:0022414,homeostasis,homeostatic process,GO:0042592,endocrine autoregulation,regulation of endocrine process,GO:0044060,anterior pituitary inhibition,,,,,,,,,,,,,,,,,organ,pituitary gland,pituitary gland,UBERON:0000007,anterior pituitary,adenohypophysis,UBERON:0002196,somatostatin,decreases,X secretion,prolactin,,,,"minutes, hours",paracrine,circulatory,,,,,,,,,,,,,,,,,,,,,,,,,"Endocrine Physiology, 6th Edition (2023)",ISBN: 9781264278459,2,,,,,,,,,
male reproductive system,reproductive process,GO:0022414,homeostasis,homeostatic process,GO:0042592,endocrine autoregulation,regulation of endocrine process,GO:0044060,anterior pituitary inhibition,,,,,,,,,,,,,,,,,organ,pituitary gland,pituitary gland,UBERON:0000007,anterior pituitary,adenohypophysis,UBERON:0002196,dopamine,decreases,X secretion,prolactin,,,,"minutes, hours",paracrine,circulatory,,,,,,,,,,,,,,,,,,,,,,,,,"Endocrine Physiology, 6th Edition (2023)",ISBN: 9781264278459,2,,,,,,,,,
male reproductive system,reproductive process,GO:0022414,growth and development,developmental growth,GO:0048589,anabolic muscle growth,positive regulation of skeletal muscle tissue growth,GO:0048633,,,,,,,,,,,,,,,,,testosterone leads to male pattern muscle growth,cell,skeletal muscle,skeletal muscle tissue,UBERON:0001134,skeletal myocyte,skeletal muscle fiber,CL:0008002,,does ,X synthesis,skeletal muscle tissue,,,,weeks,,systemic,,,,,,,,,,,,,,,,,,,,,,,,,"Medical Physiology, 3rd Edition (2017)",ISBN: 9781455743773,54,,,,,,,,,
male reproductive system,reproductive process,GO:0022414,growth and development,developmental growth,GO:0048589,anabolic muscle growth,positive regulation of skeletal muscle tissue growth,GO:0048633,,,,,,,,,,,,,,,,,,cell,skeletal muscle,skeletal muscle tissue,UBERON:0001134,skeletal myocyte,skeletal muscle fiber,CL:0008002,testosterone,increases,X synthesis,skeletal muscle tissue,,,,weeks,circulatory,systemic,,,,,,,,,,,,,,,,,,,,,,,,,"Medical Physiology, 3rd Edition (2017)",ISBN: 9781455743773,54,,,,,,,,,
male reproductive system,reproductive process,GO:0022414,gonadotropin hormone releasing hormone production,gonadotropin hormone-releasing hormone activity,GO:0005183,,,,,,,,,,,,,,,,,,,,GnRH stimulates LH and FSH release from the anterior pituitary,cell,paraventricular nucleus,paraventricular nucleus of hypothalamus,UBERON:0001930,parvocellular neurons,parvocellular neurosecretory cell,CL:1001505,,does,X secretion,gonadotropin releasing hormone,,,"release of GnRH is sinusoidal, with period of 60-90 minutes",minutes,,circulatory,,,,,,,,,,,,,,,,,,,,,,,,,"Endocrine Physiology, 6th Edition (2023)",ISBN: 9781264278459,2,,,,,,,,,
male reproductive system,reproductive process,GO:0022414,gonadotropin hormone releasing hormone production,gonadotropin hormone-releasing hormone activity,GO:0005183,,,,,,,,,,,,,,,,,,,,,organ,pituitary gland,pituitary gland,UBERON:0000007,anterior pituitary,adenohypophysis,UBERON:0002196,"gonadotropin releasing hormone, sinusoidal",increases,X secretion,luteinizing hormone,,,"LH levels also sinusoidal, go from 10 to 40mU/mL in response to pulsatile GnRH; LH dual exponential half life of 40 minutes and 120 minutes in circulation",minutes,circulatory,circulatory,,,,,,,,,,,,,,,,,,,,,,,,,"Endocrine Physiology, 6th Edition (2023)",ISBN: 9781264278459,2,,,,,,,,,
male reproductive system,reproductive process,GO:0022414,follicle-stimulating hormone secretion,follicle-stimulating hormone secretion,GO:0046884,,,,,,,,,,,,,,,,,,,,,organ,pituitary gland,pituitary gland,UBERON:0000007,anterior pituitary,adenohypophysis,UBERON:0002196,"gonadotropin releasing hormone, sinusoidal",increases,X secretion,follicle stimulating hormone,,,,seconds,circulatory,circulatory,,,,,,,,,,,,,,,,,,,,,,,,,"Endocrine Physiology, 6th Edition (2023)",ISBN: 9781264278459,2,,,,,,,,,
male reproductive system,reproductive process,GO:0022414,gonadotropin hormone releasing hormone production,gonadotropin hormone-releasing hormone activity,GO:0005183,,,,,,,,,,,,,,,,,,,,,organ,pituitary gland,pituitary gland,UBERON:0000007,anterior pituitary,adenohypophysis,UBERON:0002196,"gonadotropin releasing hormone, continuous",decreases,X secretion,luteinizing hormone,,,,"seconds, minutes",circulatory,circulatory,,,,,,,,,,,,,,,,,,,,,,,,,"Endocrine Physiology, 6th Edition (2023)",ISBN: 9781264278459,2,,,,,,,,,
male reproductive system,reproductive process,GO:0022414,follicle-stimulating hormone secretion,follicle-stimulating hormone secretion,GO:0046884,,,,,,,,,,,,,,,,,,,,,organ,pituitary gland,pituitary gland,UBERON:0000007,anterior pituitary,adenohypophysis,UBERON:0002196,"gonadotropin releasing hormone, continuous",decreases,X secretion,follicle stimulating hormone,,,,"seconds, minutes",circulatory,circulatory,,,,,,,,,,,,,,,,,,,,,,,,,"Endocrine Physiology, 6th Edition (2023)",ISBN: 9781264278459,2,,,,,,,,,
male reproductive system,reproductive process,GO:0022414,androgen production,androgen secretion,GO:0035935,androstenedione production,androstenedione secretion,GO:0035941,,,,,,,,,,,,,,,,,serves as a precursor to estrogen,tissue,cortex,adrenal cortex,UBERON:0001235,zona reticularis,zona reticularis of adrenal gland,UBERON:0002055,,does ,X secretion,androstenedione ,,"[30, 200]","units = ng/dL, [30, 200] for female, [40, 150] for male",hours,,circulatory,plasma androstenedione,,1854-9,,,,,,,,,,estradiol synthesis,,,menstruation and ovulation,,,,,,,,,"Endocrine Physiology, 6th Edition (2023)",ISBN: 9781264278459,9,,,,,,,,,
male reproductive system,reproductive process,GO:0022414,androgen production,androgen secretion,GO:0035935,peripheral aromatization,,,,,,,,,,,,,,,,,,,converts androstenedione and testosterone to estrogen,cell,adipose tissue,adipose tissue,UBERON:0001013,adipocytes,white adipocyte,CL:0000448,,does,X conversion to Y,androstenedione ,estrogen,"[10, 300]","units = pg/mL, [10, 180] for female follicular phase, [100, 300] for female mid-cycle peak, [40, 200] for female luteal phase, [0, 10] for postmenopausal female, [20, 50] for male",hours,,circulatory,,,,,,,,,,,,,,,,,,,,,,,,,"Endocrine Physiology, 6th Edition (2023)",ISBN: 9781264278459,9,,,,,,,,,
male reproductive system,reproductive process,GO:0022414,androgen production,androgen secretion,GO:0035935,peripheral aromatization,,,,,,,,,,,,,,,,,,,converts androstenedione and testosterone to estrogen,cell,skeletal muscle,skeletal muscle tissue,UBERON:0001134,skeletal myocytes,skeletal muscle fiber,CL:0008002,,does,X conversion to Y,androstenedione ,estrogen,,,hours,,circulatory,,,,,,,,,,,,,,,,,,,,,,,,,"Endocrine Physiology, 6th Edition (2023)",ISBN: 9781264278459,9,,,,,,,,,
male reproductive system,reproductive process,GO:0022414,androgen production,androgen secretion,GO:0035935,peripheral aromatization,,,,,,,,,,,,,,,,,,,converts androstenedione and testosterone to estrogen,cell,skin,skin of body,UBERON:0002097,dermal fibroblasts,fibroblast of dermis,CL:0002551,,does,X conversion to Y,androstenedione ,estrogen,,,hours,,circulatory,,,,,,,,,,,,,,,,,,,,,,,,,"Endocrine Physiology, 6th Edition (2023)",ISBN: 9781264278459,9,,,,,,,,,
male reproductive system,reproductive process,GO:0022414,testosterone production,testosterone secretion,GO:0035936,,,,,,,,,,,,,,,,,,,,promotes internal and external male genitalia development; spermatogenesis; bone and muscle growth; secondary sexual characteristics,cell,seminiferous tubule,seminiferous tubule of testis,UBERON:0001343,leydig cell,Leydig cell,CL:0000178,,does,X secretion,testosterone,,"[200, 900]",units = ng/dL,minutes,,circulatory,plasma testosterone,,2986-8,,,,,,,,,,male sexual development and function,,,metabolism changes,,,,,,,,,"Endocrine Physiology, 6th Edition (2023)",ISBN: 9781264278459,8,,,,,,,,,
male reproductive system,reproductive process,GO:0022414,testosterone production,testosterone secretion,GO:0035936,,,,male primary sexual characteristic development,development of primary male sexual characteristics,GO:0046546,,,,,,,,,,,,,,increased testosterone increases penis and testicular development,organ,male reproductive organ,male reproductive organ,UBERON:0003135,penis,penis,UBERON:0000989,,does ,transition to state X,hypertrophic growth (volume increase),,,,"weeks, months","autocrine, paracrine, circulatory",autocrine,plasma testosterone,,2986-8,,,,,,,,,,male sexual development and function,,,metabolism changes,,,,,,,,,"Endocrine Physiology, 6th Edition (2023)",ISBN: 9781264278459,8,,,,,,,,,
male reproductive system,reproductive process,GO:0022414,testosterone production,testosterone secretion,GO:0035936,,,,male primary sexual characteristic development,development of primary male sexual characteristics,GO:0046546,,,,,,,,,,,,,,,organ,male reproductive organ,male reproductive organ,UBERON:0003135,testis,testis,UBERON:0000473,,does ,transition to state X,hypertrophic growth (volume increase),,,,"weeks, months","autocrine, paracrine, circulatory",autocrine,plasma testosterone,,2986-8,,,,,,,,,,male sexual development and function,,,metabolism changes,,,,,,,,,"Endocrine Physiology, 6th Edition (2023)",ISBN: 9781264278459,8,,,,,,,,,
male reproductive system,reproductive process,GO:0022414,response to testosterone,response to testosterone,GO:0033574,,,,male primary sexual characteristic development,development of primary male sexual characteristics,GO:0046546,,,,,,,,,,,,,,,organ,male reproductive organ,male reproductive organ,UBERON:0003135,penis,penis,UBERON:0000989,testosterone,increases,transition to state X,hypertrophic growth (volume increase),,,,"weeks, months","autocrine, paracrine, circulatory",autocrine,plasma testosterone,,2986-8,,,,,,,,,,male sexual development and function,,,metabolism changes,,,,,,,,,"Endocrine Physiology, 6th Edition (2023)",ISBN: 9781264278459,8,,,,,,,,,
male reproductive system,reproductive process,GO:0022414,response to testosterone,response to testosterone,GO:0033574,,,,male primary sexual characteristic development,development of primary male sexual characteristics,GO:0046546,,,,,,,,,,,,,,,organ,male reproductive organ,male reproductive organ,UBERON:0003135,testis,testis,UBERON:0000473,testosterone,increases,transition to state X,hypertrophic growth (volume increase),,,,"weeks, months","autocrine, paracrine, circulatory",autocrine,plasma testosterone,,2986-8,,,,,,,,,,male sexual development and function,,,metabolism changes,,,,,,,,,"Endocrine Physiology, 6th Edition (2023)",ISBN: 9781264278459,8,,,,,,,,,
male reproductive system,reproductive process,GO:0022414,testosterone production,testosterone secretion,GO:0035936,,,,male primary sexual characteristic development,development of primary male sexual characteristics,GO:0046546,,,,,,,,,,,,,,,tissue,testis,testis,UBERON:0000473,seminiferous tubule,seminiferous tubule of testis,UBERON:0001343,,does,X export,sperm,,,,"hours, days",,paracrine,plasma testosterone,,2986-8,,,,,,,,,,male sexual development and function,,,metabolism changes,,,,,,,,,"Endocrine Physiology, 6th Edition (2023)",ISBN: 9781264278459,8,,,,,,,,,
male reproductive system,reproductive process,GO:0022414,response to testosterone,response to testosterone,GO:0033574,,,,male primary sexual characteristic development,development of primary male sexual characteristics,GO:0046546,,,,,,,,,,,,,,,tissue,testis,testis,UBERON:0000473,seminiferous tubule,seminiferous tubule of testis,UBERON:0001343,testosterone,increases,X export,sperm,,,,"hours, days",paracrine,paracrine,plasma testosterone,,2986-8,,,,,,,,,,male sexual development and function,,,metabolism changes,,,,,,,,,"Endocrine Physiology, 6th Edition (2023)",ISBN: 9781264278459,8,,,,,,,,,
male reproductive system,reproductive process,GO:0022414,testosterone production,testosterone secretion,GO:0035936,,,,male secondary sexual characteristic development,development of male secondary sexual characteristics,GO:0046544,,,,,,,,,,,,,,,cell,bone,bone tissue,UBERON:0002481,osteoblast,osteoblast,CL:0000062,,does,X synthesis,bone tissue,,,,"days, weeks",,systemic,plasma testosterone,,2986-8,,,,,,,,,,male sexual development and function,,,metabolism changes,,,,,,,,,"Endocrine Physiology, 6th Edition (2023)",ISBN: 9781264278459,8,,,,,,,,,
male reproductive system,reproductive process,GO:0022414,response to testosterone,response to testosterone,GO:0033574,,,,male secondary sexual characteristic development,development of male secondary sexual characteristics,GO:0046544,,,,,,,,,,,,,,,cell,bone,bone tissue,UBERON:0002481,osteoblast,osteoblast,CL:0000062,testosterone,increases,X synthesis,bone tissue,,,,"days, weeks",circulatory,systemic,plasma testosterone,,2986-8,,,,,,,,,,male sexual development and function,,,metabolism changes,,,,,,,,,"Endocrine Physiology, 6th Edition (2023)",ISBN: 9781264278459,8,,,,,,,,,
male reproductive system,reproductive process,GO:0022414,response to testosterone,response to testosterone,GO:0033574,,,,male secondary sexual characteristic development,development of male secondary sexual characteristics,GO:0046544,,,,,,,,,,,,,,,cell,bone,bone tissue,UBERON:0002481,osteoclast,osteoclast,CL:0000092,testosterone,increases,X synthesis,bone tissue,,,,"days, weeks",circulatory,systemic,plasma testosterone,,2986-8,,,,,,,,,,male sexual development and function,,,metabolism changes,,,,,,,,,"Endocrine Physiology, 6th Edition (2023)",ISBN: 9781264278459,8,,,,,,,,,
male reproductive system,reproductive process,GO:0022414,inhibin B production,inhibin secretion,GO:0032334,,,,,,,,,,,,,,,,,,,,inhibits FSH release; indirect marker of Sertoli cell activity,cell,seminiferous tubule,seminiferous tubule of testis,UBERON:0001343,sertoli cell,Sertoli cell,CL:0000216,,does,X secretion,inhibin B,,,,"seconds, minutes",,circulatory,plasma inhibin B,,34319-4,,,,,,,,,,pituitary gland feedback,,,FSH inhibition,,,,,,,,,"Endocrine Physiology, 6th Edition (2023)",ISBN: 9781264278459,8,,,,,,,,,
male reproductive system,reproductive process,GO:0022414,inhibin B production,inhibin secretion,GO:0032334,,,,,,,,,,,,,,,,,,,,,cell,seminiferous tubule,seminiferous tubule of testis,UBERON:0001343,sertoli cell,Sertoli cell,CL:0000216,,does,X secretion,inhibin B,,,,"seconds, minutes",,circulatory,plasma inhibin B,,34319-4,,,,,,,,,,pituitary gland feedback,,,FSH inhibition,,,,,,,,,"Endocrine Physiology, 6th Edition (2023)",ISBN: 9781264278459,8,,,,,,,,,
male reproductive system,reproductive process,GO:0022414,inhibin B production,inhibin secretion,GO:0032334,,,,,,,,,,,,,,,,,,,,,organ,pituitary gland,pituitary gland,UBERON:0000007,anterior pituitary,adenohypophysis,UBERON:0002196,inhibin B,decreases,X secretion,follicle stimulating hormone,,,,minutes,circulatory,circulatory,plasma AMH,,83104-0,,,,,,,,,,sexual development,,,embryonic development,,,m√ºllerian duct regression,,,,,,"Endocrine Physiology, 6th Edition (2023)",ISBN: 9781264278459,8,,,,,,,,,
male reproductive system,reproductive process,GO:0022414,gamete generation,gamete generation,GO:0007276,male gamete generation,male gamete generation,GO:0048232,spermatogenesis,spermatogenesis,GO:0007283,,,,,,,,,,,,,,sertoli cells in the seminiferous tubules generate spermatozoa,cell,seminiferous tubule,seminiferous tubule of testis,UBERON:0001343,sertoli cell,Sertoli cell,CL:0000216,,does,X secretion,spermatozoa,,,,days,,intra-organ,sperm count,,54453-6,,,,,,,,,,sexual development,,,development of secondary sexual characteristics,,,reproduction,,,,,,"Medical Physiology, 3rd Edition (2017)",ISBN: 9781455743773,54,,,,,,,,,
male reproductive system,reproductive process,GO:0022414,gamete generation,gamete generation,GO:0007276,male gamete generation,male gamete generation,GO:0048232,spermatogenesis,spermatogenesis,GO:0007283,,,,,,,,,,,,,,,cell,seminiferous tubule,seminiferous tubule of testis,UBERON:0001343,sertoli cell,Sertoli cell,CL:0000216,follicle stimulating hormone,increases,X secretion,sperm,,,,days,paracrine,intra-organ,sperm count,,54453-6,,,,,,,,,,,,,,,,,,,,,,"Medical Physiology, 3rd Edition (2017)",ISBN: 9781455743773,54,,,,,,,,,
male reproductive system,reproductive process,GO:0022414,gamete generation,gamete generation,GO:0007276,male gamete generation,male gamete generation,GO:0048232,maturation of spermatozoa,,,,,,,,,,,,,,,,spermatozoa mature and increase motility as they progress through the epididymis,cell,epididymis,epididymis,UBERON:0001301,sperm,sperm,CL:0000019,"residence time, epididymis",increases,migration speed,,,,,days,paracrine,paracrine,,,,,,,,,,,,,sexual development,,,reproduction,,,,,,,,,"Medical Physiology, 3rd Edition (2017)",ISBN: 9781455743773,54,,,,,,,,,
male reproductive system,reproductive process,GO:0022414,spermatozoa storage,sperm storage,GO:0046693,,,,,,,,,,,,,,,,,,,,mature spermatozoa remain in the seminal vesicle until ejaculation,tissue,testis,testis,UBERON:0000473,seminal vesicle,seminal vesicle,UBERON:0000998,,does,X storage,sperm,,,,days,,intra-organ,,,,,,,,,,,,,sexual development,,,reproduction,,,,,,,,,"Medical Physiology, 3rd Edition (2017)",ISBN: 9781455743773,54,,,,,,,,,
male reproductive system,reproductive process,GO:0022414,semen generation,,,seminal plasma generation,,,,,,,,,,,,,,,,,,,70% of the seminal plasma is formed by the seminal vesicle,tissue,testis,testis,UBERON:0000473,seminal vesicle,seminal vesicle,UBERON:0000998,,does,X secretion,seminal plasma,,,,hours,,intra-organ,,,,,,,,,,,,,sexual development,,,reproduction,,,,,,,,,"Medical Physiology, 3rd Edition (2017)",ISBN: 9781455743773,54,,,,,,,,,
male reproductive system,reproductive process,GO:0022414,development of male secondary sexual characteristics,development of male secondary sexual characteristics,GO:0046544,dht secretion,,,,,,,,,,,,,,,,,,,testosterone is converted to DHT in the prostate ,organ,male reproductive organ,male reproductive organ,UBERON:0003135,prostate,prostate gland,UBERON:0002367,,does,X secretion,dihydrotestosterone,,,,minutes,,circulatory,plasma DHT,,,,,,,,,,,,reproduction,,,,,,,,,,,,"Medical Physiology, 3rd Edition (2017)",ISBN: 9781455743773,54,,,,,,,,,
male reproductive system,reproductive process,GO:0022414,development of male secondary sexual characteristics,development of male secondary sexual characteristics,GO:0046544,dht secretion,,,,,,,,,,,,,,,,,,,,organ,male reproductive organ,male reproductive organ,UBERON:0003135,prostate,prostate gland,UBERON:0002367,,does,X conversion to Y,testosterone,dihydrotestosterone,,,minutes,,circulatory,plasma DHT,,,,,,,,,,,,reproduction,,,,,,,,,,,,"Medical Physiology, 3rd Edition (2017)",ISBN: 9781455743773,54,,,,,,,,,
male reproductive system,reproductive process,GO:0022414,development of male secondary sexual characteristics,development of male secondary sexual characteristics,GO:0046544,dht secretion,,,,,,,,,,,,,,,,,,,,organ,male reproductive organ,male reproductive organ,UBERON:0003135,prostate,prostate gland,UBERON:0002367,testosterone,increases,X conversion to Y,testosterone,dihydrotestosterone,,,minutes,paracrine,circulatory,plasma DHT,,,,,,,,,,,,reproduction,,,,,,,,,,,,"Medical Physiology, 3rd Edition (2017)",ISBN: 9781455743773,54,,,,,,,,,
male reproductive system,reproductive process,GO:0022414,development of male secondary sexual characteristics,development of male secondary sexual characteristics,GO:0046544,dht secretion,,,,,,,,,,,,,,,,,,,,organ,male reproductive organ,male reproductive organ,UBERON:0003135,prostate,prostate gland,UBERON:0002367,testosterone,increases,X secretion,dihydrotestosterone,,,,minutes,paracrine,circulatory,plasma DHT,,,,,,,,,,,,reproduction,,,,,,,,,,,,"Medical Physiology, 3rd Edition (2017)",ISBN: 9781455743773,54,,,,,,,,,
male reproductive system,reproductive process,GO:0022414,semen generation,,,ejaculate fluid generation,,,,,,,,,,,,,,,,,,,prostate bulbourethral glands secrete ejaculate fluid during coitus; it is not stored,tissue,prostate,prostate gland,UBERON:0002367,bulbourethral gland,bulbo-urethral gland,UBERON:0002366,,does,X secretion,ejaculate fluid,,,,seconds,,paracrine,,,,,,,,,,,,,reproduction,,,,,,,,,,,,"Medical Physiology, 3rd Edition (2017)",ISBN: 9781455743773,54,,,,,,,,,
male reproductive system,reproductive process,GO:0022414,semen generation,,,ejaculate fluid generation,,,,,,,,,,,,,,,,,,,,tissue,prostate glandular acinus,prostate glandular acinus,UBERON:0004179,bulbourethral gland,bulbo-urethral gland,UBERON:0002366,,does,X secretion,ejaculate fluid,,,,seconds,,paracrine,,,,,,,,,,,,,reproduction,,,,,,,,,,,,"Medical Physiology, 3rd Edition (2017)",ISBN: 9781455743773,54,,,,,,,,,
male reproductive system,reproductive process,GO:0022414,semen generation,,,ejaculate fluid generation,,,,,,,,,,,,,,,,,,,,tissue,prostate,prostate gland,UBERON:0002367,bulbourethral gland,bulbo-urethral gland,UBERON:0002366,sexual activity,increases,X secretion,ejaculate fluid,,,,seconds,"paracrine, systemic",paracrine,,,,,,,,,,,,,reproduction,,,,,,,,,,,,"Medical Physiology, 3rd Edition (2017)",ISBN: 9781455743773,54,,,,,,,,,
male reproductive system,reproductive process,GO:0022414,erection regulation,regulation of penile erection,GO:0043084,innervation,innervation,GO:0060384,parasympathetic innervation,,,,,,,,,,,,,,,,"parasympathetic ganglia innervate corpus cavernosum, release ACh and NO to promote vasodilation",tissue,pelvic plexus,inferior hypogastric nerve plexus,UBERON:0002014,parasympathetic nerves,parasympathetic nerve,UBERON:0004293,,does,innervation of X,corpus cavernosum penis,,,,seconds,,paracrine,,,,,,,,,,,,,reproduction,,,,,,,,,,,,"Medical Physiology, 3rd Edition (2017)",ISBN: 9781455743773,54,,,,,,,,,
male reproductive system,reproductive process,GO:0022414,erection regulation,regulation of penile erection,GO:0043084,innervation,innervation,GO:0060384,parasympathetic innervation,,,,,,,,,,,,,,,,,tissue,pelvic plexus,inferior hypogastric nerve plexus,UBERON:0002014,parasympathetic nerves,parasympathetic nerve,UBERON:0004293,parasympathetic activity,increases,X secretion,acetylcholine,,,,seconds,"paracrine, systemic",paracrine,,,,,,,,,,,,,reproduction,,,,,,,,,,,,"Medical Physiology, 3rd Edition (2017)",ISBN: 9781455743773,54,,,,,,,,,
male reproductive system,reproductive process,GO:0022414,erection regulation,regulation of penile erection,GO:0043084,innervation,innervation,GO:0060384,parasympathetic innervation,,,,,,,,,,,,,,,,,tissue,penis,penis,UBERON:0000989,corpus cavernosum,corpus cavernosum penis,UBERON:0004713,acetylcholine,increases,volume of X,corpus cavernosum penis,,,,seconds,paracrine,autocrine,,,,,,,,,,,,,,,,,,,,,,,,,"Medical Physiology, 3rd Edition (2017)",ISBN: 9781455743773,54,,,,,,,,,
male reproductive system,reproductive process,GO:0022414,erection regulation,regulation of penile erection,GO:0043084,innervation,innervation,GO:0060384,parasympathetic innervation,,,,,,,,,,,,,,,,,tissue,penis,penis,UBERON:0000989,corpus cavernosum,corpus cavernosum penis,UBERON:0004713,nitric oxide,increases,volume of X,corpus cavernosum penis,,,,seconds,paracrine,autocrine,,,,,,,,,,,,,,,,,,,,,,,,,"Medical Physiology, 3rd Edition (2017)",ISBN: 9781455743773,54,,,,,,,,,
male reproductive system,reproductive process,GO:0022414,ejaculation,sperm ejaculation,GO:0042713,innervation,innervation,GO:0060384,sympathetic innervation,,,,,,,,,,,,,,,,sympathetic ganglia innervate ejaculatory ducts,tissue,hypogastric nerve,hypogastric nerve,UBERON:0005303,sympathetic nerves,sympathetic nerve,UBERON:0034729,,does,innervation of X,smooth muscle tissue layer of ejaculatory duct,,,,seconds,,paracrine,,,,,,,,,,,,,reproduction,,,,,,,,,,,,"Medical Physiology, 3rd Edition (2017)",ISBN: 9781455743773,54,,,,,,,,,
male reproductive system,reproductive process,GO:0022414,ejaculation,sperm ejaculation,GO:0042713,innervation,innervation,GO:0060384,sympathetic innervation,,,,,,,,,,,,,,,,,tissue,ejaculatory duct,ejaculatory duct,UBERON:0000999,ejaculatory duct smooth muscle,smooth muscle tissue layer of ejaculatory duct,UBERON:0015717,,does,contraction,,,,,seconds,,autocrine,,,,,,,,,,,,,,,,,,,,,,,,,"Medical Physiology, 3rd Edition (2017)",ISBN: 9781455743773,54,,,,,,,,,
male reproductive system,reproductive process,GO:0022414,ejaculation,sperm ejaculation,GO:0042713,innervation,innervation,GO:0060384,sympathetic innervation,,,,,,,,,,,,,,,,,tissue,ejaculatory duct,ejaculatory duct,UBERON:0000999,ejaculatory duct smooth muscle,smooth muscle tissue layer of ejaculatory duct,UBERON:0015717,sympathetic activity,increases,contraction X,force,,,,seconds,,autocrine,,,,,,,,,,,,,,,,,,,,,,,,,"Medical Physiology, 3rd Edition (2017)",ISBN: 9781455743773,54,,,,,,,,,
male reproductive system,reproductive process,GO:0022414,ejaculation,sperm ejaculation,GO:0042713,innervation,innervation,GO:0060384,sympathetic innervation,,,,,,,,,,,,,,,,,tissue,ejaculatory duct,ejaculatory duct,UBERON:0000999,ejaculatory duct smooth muscle,smooth muscle tissue layer of ejaculatory duct,UBERON:0015717,sympathetic activity,increases,contraction X,frequency,,,,seconds,,autocrine,,,,,,,,,,,,,,,,,,,,,,,,,"Medical Physiology, 3rd Edition (2017)",ISBN: 9781455743773,54,,,,,,,,,
male reproductive system,reproductive process,GO:0022414,sexual sensation,sensory processing,GO:0050893,,,,,,,,,,,,,,,,,,,,penis has afferent sensory information transmitted through sensory pudendal nerve,tissue,pelvis nerve,pelvis nerve,UBERON:0003444,sensory pudendal nerve,pudendal nerve,UBERON:0011390,,does,sensation of X,penis,,,,milliseconds,,"paracrine, systemic",,,,,,,,,,,,,reproduction,,,,,,,,,,,,"Medical Physiology, 3rd Edition (2017)",ISBN: 9781455743773,54,,,,,,,,,
male reproductive system,reproductive process,GO:0022414,innervation,innervation,GO:0060384,somatic innervation,,,penile innervation,,,,,,,,,,,,,,,,motor pudendal nerve innervate striated bulbospongiosus penile muscles,tissue,pelvis nerve,pelvis nerve,UBERON:0003444,motor pudendal nerve,pudendal nerve,UBERON:0011390,,does,innervation of X,male bulbospongiosus muscle,,,,seconds,,paracrine,,,,,,,,,,,,,reproduction,,,,,,,,,,,,"Medical Physiology, 3rd Edition (2017)",ISBN: 9781455743773,54,,,,,,,,,
male reproductive system,reproductive process,GO:0022414,innervation,innervation,GO:0060384,somatic innervation,,,penile innervation,,,,,,,,,,,,,,,,,tissue,perineal muscle,perineal muscle,UBERON:0002379,bulbospongiosus,male bulbospongiosus muscle,UBERON:0011388,sympathetic activity,increases,contraction,,,,,seconds,"paracrine, systemic",autocrine,,,,,,,,,,,,,reproduction,,,,,,,,,,,,"Medical Physiology, 3rd Edition (2017)",ISBN: 9781455743773,54,,,,,,,,,
male reproductive system,reproductive process,GO:0022414,innervation,innervation,GO:0060384,somatic innervation,,,penile innervation,,,,,,,,,,,,,,,,,tissue,perineal muscle,perineal muscle,UBERON:0002379,bulbospongiosus,male bulbospongiosus muscle,UBERON:0011388,sympathetic activity,increases,contraction X,force,,,,seconds,"paracrine, systemic",autocrine,,,,,,,,,,,,,reproduction,,,,,,,,,,,,"Medical Physiology, 3rd Edition (2017)",ISBN: 9781455743773,54,,,,,,,,,
male reproductive system,reproductive process,GO:0022414,innervation,innervation,GO:0060384,somatic innervation,,,penile innervation,,,,,,,,,,,,,,,,,tissue,perineal muscle,perineal muscle,UBERON:0002379,bulbospongiosus,male bulbospongiosus muscle,UBERON:0011388,sympathetic activity,increases,contraction X,frequency,,,,seconds,"paracrine, systemic",autocrine,,,,,,,,,,,,,reproduction,,,,,,,,,,,,"Medical Physiology, 3rd Edition (2017)",ISBN: 9781455743773,54,,,,,,,,,
male reproductive system,reproductive process,GO:0022414,erection,penile erection,GO:0043084,corpus cavernosa relaxation,,,,,,,,,,,,,,,,,,,corpus cavernosum relaxes to allow blood to flow in,tissue,penis,penis,UBERON:0000989,corpus cavernosum,corpus cavernosum penis,UBERON:0004713,,does,contraction,,,,,seconds,,autocrine,,,,,,,,,,,,,reproduction,,,,,,,,,,,,"Medical Physiology, 3rd Edition (2017)",ISBN: 9781455743773,54,,,,,,,,,
male reproductive system,reproductive process,GO:0022414,erection,penile erection,GO:0043084,corpus cavernosa relaxation,,,,,,,,,,,,,,,,,,,,tissue,penis,penis,UBERON:0000989,corpus cavernosum,corpus cavernosum penis,UBERON:0004713,parasympathetic activity,decreases,contraction,,,,,seconds,"paracrine, systemic",autocrine,,,,,,,,,,,,,reproduction,,,,,,,,,,,,"Medical Physiology, 3rd Edition (2017)",ISBN: 9781455743773,54,,,,,,,,,
male reproductive system,reproductive process,GO:0022414,erection,penile erection,GO:0043084,corpus cavernosum filling,,,,,,,,,,,,,,,,,,,,tissue,common penile artery,common penile artery,UBERON:0008320,cavernosal artery,deep artery of penis,UBERON:0008321,,does,blood flow to X,corpus cavernosum penis,,,,seconds,,paracrine,,,,,,,,,,,,,reproduction,,,,,,,,,,,,"Medical Physiology, 3rd Edition (2017)",ISBN: 9781455743773,54,,,,,,,,,
male reproductive system,reproductive process,GO:0022414,erection,penile erection,GO:0043084,corpus cavernosum filling,,,,,,,,,,,,,,,,,,,,tissue,common penile artery,common penile artery,UBERON:0008320,cavernosal artery,deep artery of penis,UBERON:0008321,decreased corpus cavernosum penis contraction,increases,blood flow to X,corpus cavernosum penis,,,,seconds,paracrine,paracrine,,,,,,,,,,,,,reproduction,,,,,,,,,,,,"Medical Physiology, 3rd Edition (2017)",ISBN: 9781455743773,54,,,,,,,,,
male reproductive system,reproductive process,GO:0022414,erection,penile erection,GO:0043084,corpus cavernosum draining,,,,,,,,,,,,,,,,,,,,tissue,dorsal vein of penis,dorsal vein of penis,UBERON:0039422,deep dorsal vein,deep dorsal vein of penis,UBERON:0006656,,does ,blood drainage from X,corpus cavernosum penis,,,,seconds,,paracrine,,,,,,,,,,,,,reproduction,,,,,,,,,,,,"Medical Physiology, 3rd Edition (2017)",ISBN: 9781455743773,54,,,,,,,,,
male reproductive system,reproductive process,GO:0022414,erection,penile erection,GO:0043084,corpus cavernosum draining,,,,,,,,,,,,,,,,,,,,tissue,dorsal vein of penis,dorsal vein of penis,UBERON:0039422,deep dorsal vein,deep dorsal vein of penis,UBERON:0006656,increased corpus cavernosum penis contraction,decreases,blood drainage from X,corpus cavernosum penis,,,,seconds,paracrine,paracrine,,,,,,,,,,,,,reproduction,,,,,,,,,,,,"Medical Physiology, 3rd Edition (2017)",ISBN: 9781455743773,54,,,,,,,,,
male reproductive system,reproductive process,GO:0022414,erection,penile erection,GO:0043084,corpus cavernosum draining,,,,,,,,,,,,,,,,,,,,tissue,dorsal vein of penis,dorsal vein of penis,UBERON:0039422,deep dorsal vein,deep dorsal vein of penis,UBERON:0006656,parasympathetic activity,decreases,blood drainage from X,corpus cavernosum penis,,,,seconds,"paracrine, systemic",paracrine,,,,,,,,,,,,,reproduction,,,,,,,,,,,,"Medical Physiology, 3rd Edition (2017)",ISBN: 9781455743773,54,,,,,,,,,
male reproductive system,reproductive process,GO:0022414,erection,penile erection,GO:0043084,corpus spongiosum dilation,,,,,,,,,,,,,,,,,,,corpus spongiosum dilates ,tissue,penis,penis,UBERON:0000989,corpus spongiosum,corpus spongiosum of penis,UBERON:0011183,parasympathetic activity,increases,volume of X,corpus spongiosum of penis,,,,seconds,"paracrine, systemic",paracrine,,,,,,,,,,,,,reproduction,,,,,,,,,,,,"Medical Physiology, 3rd Edition (2017)",ISBN: 9781455743773,54,,,,,,,,,
male reproductive system,reproductive process,GO:0022414,erection,penile erection,GO:0043084,corpus spongiosum filling,,,,,,,,,,,,,,,,,,,,tissue,artery,artery,UBERON:0001637,perineal artery,perineal artery,UBERON:0001358,,does,blood flow to X,corpus spongiosum of penis,,,,seconds,,paracrine,,,,,,,,,,,,,reproduction,,,,,,,,,,,,"Medical Physiology, 3rd Edition (2017)",ISBN: 9781455743773,54,,,,,,,,,
male reproductive system,reproductive process,GO:0022414,erection,penile erection,GO:0043084,corpus spongiosum filling,,,,,,,,,,,,,,,,,,,,tissue,artery,artery,UBERON:0001637,perineal artery,perineal artery,UBERON:0001358,volume of corpus spongiosum of penis,increases,blood flow to X,corpus spongiosum of penis,,,,seconds,paracrine,paracrine,,,,,,,,,,,,,reproduction,,,,,,,,,,,,"Medical Physiology, 3rd Edition (2017)",ISBN: 9781455743773,54,,,,,,,,,
male reproductive system,reproductive process,GO:0022414,erection,penile erection,GO:0043084,corpus cavernosum draining,,,,,,,,,,,,,,,,,,,,tissue,vein,vein,UBERON:0001638,perineal vein,perineal vein,UBERON:0001362,,does ,blood drainage from X,corpus spongiosum of penis,,,,seconds,,paracrine,,,,,,,,,,,,,reproduction,,,,,,,,,,,,"Medical Physiology, 3rd Edition (2017)",ISBN: 9781455743773,54,,,,,,,,,
male reproductive system,reproductive process,GO:0022414,erection,penile erection,GO:0043084,corpus spongiosum draining,,,,,,,,,,,,,,,,,,,,tissue,vein,vein,UBERON:0001638,perineal vein,perineal vein,UBERON:0001362,volume of corpus spongiosum of penis,decreases,blood drainage from X,corpus spongiosum of penis,,,,seconds,paracrine,paracrine,,,,,,,,,,,,,,,,,,,,,,,,,"Medical Physiology, 3rd Edition (2017)",ISBN: 9781455743773,54,,,,,,,,,
male reproductive system,reproductive process,GO:0022414,ejaculation,sperm ejaculation,GO:0042713,innervation,innervation,GO:0060384,somatic innervation,,,,,,,,,,,,,,,,motor pudendal nerve innervate striated bulbospongiosus penile muscles and contributes to force of ejaculation,tissue,pelvis nerve,pelvis nerve,UBERON:0003444,motor pudendal nerve,pudendal nerve,UBERON:0011390,,does,innervation of X,male bulbospongiosus muscle,,,,seconds,,paracrine,,,,,,,,,,,,,reproduction,,,,,,,,,,,,"Medical Physiology, 3rd Edition (2017)",ISBN: 9781455743773,54,,,,,,,,,
male reproductive system,reproductive process,GO:0022414,ejaculation,sperm ejaculation,GO:0042713,innervation,innervation,GO:0060384,sympathetic innervation,,,contraction of ejaculatory apparatus,,,,,,,,,,,,,sympathetic innervation from the hypogastric nerve (via epinephrine) causes contraction of the smooth muscle of the distal epididymis and vas deferens,tissue,autonomic nerve,autonomic nerve,UBERON:0034728,hypogastric nerve,hypogastric nerve,UBERON:0005303,,does,innervation of X,epididymis smooth muscle,,,,milliseconds,,paracrine,,,,,,,,,,,,,reproduction,,,,,,,,,,,,"Medical Physiology, 3rd Edition (2017)",ISBN: 9781455743773,54,,,,,,,,,
male reproductive system,reproductive process,GO:0022414,ejaculation,sperm ejaculation,GO:0042713,innervation,innervation,GO:0060384,sympathetic innervation,,,contraction of ejaculatory apparatus,,,,,,,,,,,,,sympathetic innervation from the hypogastric nerve (via epinephrine) causes contraction of the smooth muscle of the distal epididymis and vas deferens,tissue,autonomic nerve,autonomic nerve,UBERON:0034728,hypogastric nerve,hypogastric nerve,UBERON:0005303,,does,innervation of X,muscular coat of vas deferens,,,,milliseconds,,paracrine,,,,,,,,,,,,,reproduction,,,,,,,,,,,,"Medical Physiology, 3rd Edition (2017)",ISBN: 9781455743773,54,,,,,,,,,
male reproductive system,reproductive process,GO:0022414,ejaculation,sperm ejaculation,GO:0042713,innervation,innervation,GO:0060384,sympathetic innervation,,,contraction of ejaculatory apparatus,,,,,,,,,,,,,sympathetic innervation from the hypogastric nerve (via epinephrine) causes contraction of the smooth muscle of the distal epididymis and vas deferens,tissue,autonomic nerve,autonomic nerve,UBERON:0034728,hypogastric nerve,hypogastric nerve,UBERON:0005303,,does,X secretion,norepinephrine,,,,milliseconds,,paracrine,,,,,,,,,,,,,reproduction,,,,,,,,,,,,"Medical Physiology, 3rd Edition (2017)",ISBN: 9781455743773,54,,,,,,,,,
male reproductive system,reproductive process,GO:0022414,ejaculation,sperm ejaculation,GO:0042713,innervation,innervation,GO:0060384,sympathetic innervation,,,contraction of ejaculatory apparatus,,,,,,,,,,,,,sympathetic innervation from the hypogastric nerve (via epinephrine) causes contraction of the smooth muscle of the distal epididymis and vas deferens,tissue,autonomic nerve,autonomic nerve,UBERON:0034728,hypogastric nerve,hypogastric nerve,UBERON:0005303,sympathetic activity,increases,X secretion,norepinephrine,,,,milliseconds,"paracrine, systemic",paracrine,,,,,,,,,,,,,reproduction,,,,,,,,,,,,"Medical Physiology, 3rd Edition (2017)",ISBN: 9781455743773,54,,,,,,,,,
male reproductive system,reproductive process,GO:0022414,ejaculation,sperm ejaculation,GO:0042713,innervation,innervation,GO:0060384,sympathetic innervation,,,contraction of ejaculatory apparatus,,,,,,,,,,,,,,tissue,epididymis,epididymis,UBERON:0001301,epididymis smooth muscle,epididymis smooth muscle,UBERON:0004835,,does,contraction,,,,,seconds,,autocrine,,,,,,,,,,,,,reproduction,,,,,,,,,,,,"Medical Physiology, 3rd Edition (2017)",ISBN: 9781455743773,54,,,,,,,,,
male reproductive system,reproductive process,GO:0022414,ejaculation,sperm ejaculation,GO:0042713,innervation,innervation,GO:0060384,sympathetic innervation,,,contraction of ejaculatory apparatus,,,,,,,,,,,,,,tissue,epididymis,epididymis,UBERON:0001301,epididymis smooth muscle,epididymis smooth muscle,UBERON:0004835,sympathetic activity,increases,contraction,,,,,seconds,"paracrine, systemic",autocrine,,,,,,,,,,,,,reproduction,,,,,,,,,,,,"Medical Physiology, 3rd Edition (2017)",ISBN: 9781455743773,54,,,,,,,,,
male reproductive system,reproductive process,GO:0022414,ejaculation,sperm ejaculation,GO:0042713,innervation,innervation,GO:0060384,sympathetic innervation,,,contraction of ejaculatory apparatus,,,,,,,,,,,,,,tissue,epididymis,epididymis,UBERON:0001301,epididymis smooth muscle,epididymis smooth muscle,UBERON:0004835,sympathetic activity,increases,contraction X,force,,,,seconds,"paracrine, systemic",autocrine,,,,,,,,,,,,,reproduction,,,,,,,,,,,,"Medical Physiology, 3rd Edition (2017)",ISBN: 9781455743773,54,,,,,,,,,
male reproductive system,reproductive process,GO:0022414,ejaculation,sperm ejaculation,GO:0042713,innervation,innervation,GO:0060384,sympathetic innervation,,,contraction of ejaculatory apparatus,,,,,,,,,,,,,,tissue,epididymis,epididymis,UBERON:0001301,epididymis smooth muscle,epididymis smooth muscle,UBERON:0004835,sympathetic activity,increases,contraction X,frequency,,,,seconds,"paracrine, systemic",autocrine,,,,,,,,,,,,,reproduction,,,,,,,,,,,,"Medical Physiology, 3rd Edition (2017)",ISBN: 9781455743773,54,,,,,,,,,
male reproductive system,reproductive process,GO:0022414,ejaculation,sperm ejaculation,GO:0042713,innervation,innervation,GO:0060384,sympathetic innervation,,,contraction of ejaculatory apparatus,,,,,,,,,,,,,,tissue,vas deferens,vas deferens,UBERON:0001000,vas deferens smooth muscle,muscular coat of vas deferens,UBERON:0004224,,does,contraction,,,,,seconds,,autocrine,,,,,,,,,,,,,reproduction,,,,,,,,,,,,"Medical Physiology, 3rd Edition (2017)",ISBN: 9781455743773,54,,,,,,,,,
male reproductive system,reproductive process,GO:0022414,ejaculation,sperm ejaculation,GO:0042713,innervation,innervation,GO:0060384,sympathetic innervation,,,contraction of ejaculatory apparatus,,,,,,,,,,,,,,tissue,vas deferens,vas deferens,UBERON:0001000,vas deferens smooth muscle,muscular coat of vas deferens,UBERON:0004224,sympathetic activity,increases,contraction,,,,,seconds,"paracrine, systemic",autocrine,,,,,,,,,,,,,reproduction,,,,,,,,,,,,"Medical Physiology, 3rd Edition (2017)",ISBN: 9781455743773,54,,,,,,,,,
male reproductive system,reproductive process,GO:0022414,ejaculation,sperm ejaculation,GO:0042713,innervation,innervation,GO:0060384,sympathetic innervation,,,contraction of ejaculatory apparatus,,,,,,,,,,,,,,tissue,vas deferens,vas deferens,UBERON:0001000,vas deferens smooth muscle,muscular coat of vas deferens,UBERON:0004224,sympathetic activity,increases,contraction X,force,,,,seconds,"paracrine, systemic",autocrine,,,,,,,,,,,,,reproduction,,,,,,,,,,,,"Medical Physiology, 3rd Edition (2017)",ISBN: 9781455743773,54,,,,,,,,,
male reproductive system,reproductive process,GO:0022414,ejaculation,sperm ejaculation,GO:0042713,innervation,innervation,GO:0060384,sympathetic innervation,,,contraction of ejaculatory apparatus,,,,,,,,,,,,,,tissue,vas deferens,vas deferens,UBERON:0001000,vas deferens smooth muscle,muscular coat of vas deferens,UBERON:0004224,sympathetic activity,increases,contraction X,frequency,,,,seconds,"paracrine, systemic",autocrine,,,,,,,,,,,,,reproduction,,,,,,,,,,,,"Medical Physiology, 3rd Edition (2017)",ISBN: 9781455743773,54,,,,,,,,,
male reproductive system,reproductive process,GO:0022414,ejaculation,sperm ejaculation,GO:0042713,innervation,innervation,GO:0060384,sympathetic innervation,,,,,,,,,,,,,,,,sympathetic outflow from T10-L2 release norepinephrine to induce sphincter constriction,tissue,sympathetic nerve trunk,sympathetic nerve trunk,UBERON:0004295,thoracic sympathetic nerve,thoracic sympathetic nerve trunk,UBERON:0004863,,does,innervation of X,internal urethral sphincter,,,,milliseconds,,paracrine,,,,,,,,,,,,,reproduction,,,,,,,,,,,,"Medical Physiology, 3rd Edition (2017)",ISBN: 9781455743773,54,,,,,,,,,
male reproductive system,reproductive process,GO:0022414,ejaculation,sperm ejaculation,GO:0042713,innervation,innervation,GO:0060384,sympathetic innervation,,,,,,,,,,,,,,,,sympathetic outflow from T10-L2 release norepinephrine to induce sphincter constriction,tissue,urethra,urethra,UBERON:0000057,internal urinary sphincter of the bladder,internal urethral sphincter,UBERON:0004918,,does,contraction,,,,,milliseconds,,autocrine,,,,,,,,,,,,,reproduction,,,,,,,,,,,,"Medical Physiology, 3rd Edition (2017)",ISBN: 9781455743773,54,,,,,,,,,
male reproductive system,reproductive process,GO:0022414,ejaculation,sperm ejaculation,GO:0042713,innervation,innervation,GO:0060384,sympathetic innervation,,,,,,,,,,,,,,,,sympathetic outflow from T10-L2 release norepinephrine to induce sphincter constriction,tissue,urethra,urethra,UBERON:0000057,internal urinary sphincter of the bladder,internal urethral sphincter,UBERON:0004918,sympathetic activity,increases,contraction,,,,,milliseconds,"paracrine, systemic",autocrine,,,,,,,,,,,,,reproduction,,,,,,,,,,,,"Medical Physiology, 3rd Edition (2017)",ISBN: 9781455743773,54,,,,,,,,,
male reproductive system,reproductive process,GO:0022414,ejaculation,sperm ejaculation,GO:0042713,innervation,innervation,GO:0060384,sympathetic innervation,,,,,,,,,,,,,,,,sympathetic outflow from T10-L2 release norepinephrine to induce sphincter constriction,tissue,urethra,urethra,UBERON:0000057,internal urinary sphincter of the bladder,internal urethral sphincter,UBERON:0004918,sympathetic activity,increases,contraction X,force,,,,milliseconds,"paracrine, systemic",autocrine,,,,,,,,,,,,,reproduction,,,,,,,,,,,,"Medical Physiology, 3rd Edition (2017)",ISBN: 9781455743773,54,,,,,,,,,
male reproductive system,reproductive process,GO:0022414,ejaculation,sperm ejaculation,GO:0042713,innervation,innervation,GO:0060384,sympathetic innervation,,,,,,,,,,,,,,,,sympathetic outflow from T10-L2 release norepinephrine to induce sphincter constriction,tissue,urethra,urethra,UBERON:0000057,internal urinary sphincter of the bladder,internal urethral sphincter,UBERON:0004918,sympathetic activity,increases,contraction X,frequency,,,,milliseconds,"paracrine, systemic",autocrine,,,,,,,,,,,,,reproduction,,,,,,,,,,,,"Medical Physiology, 3rd Edition (2017)",ISBN: 9781455743773,54,,,,,,,,,
male reproductive system,reproductive process,GO:0022414,ejaculation,sperm ejaculation,GO:0042713,constriction of urinary sphincter,,,,,,,,,,,,,,,,,,,internal urethral sphincter of the bladder by sympathetic innervation prevents movement of ejaculate into urinary bladder,organ,lower urinary tract,lower urinary tract,UBERON:0001556,urinary bladder,urinary bladder,UBERON:0001255,,does,X export,urine,,,,milliseconds,,intra-organ,,,,,,,,,,,,,reproduction,,,,,,,,,,,,"Medical Physiology, 3rd Edition (2017)",ISBN: 9781455743773,54,,,,,,,,,
male reproductive system,reproductive process,GO:0022414,ejaculation,sperm ejaculation,GO:0042713,constriction of urinary sphincter,,,,,,,,,,,,,,,,,,,internal urethral sphincter of the bladder by sympathetic innervation prevents movement of ejaculate into urinary bladder,organ,lower urinary tract,lower urinary tract,UBERON:0001556,urinary bladder,urinary bladder,UBERON:0001255,internal urethral sphincter contraction,decreases,X export,urine,,,,milliseconds,intra-organ,intra-organ,,,,,,,,,,,,,reproduction,,,,,,,,,,,,"Medical Physiology, 3rd Edition (2017)",ISBN: 9781455743773,54,,,,,,,,,
male reproductive system,reproductive process,GO:0022414,ejaculation,sperm ejaculation,GO:0042713,constriction of urinary sphincter,,,,,,,,,,,,,,,,,,,internal urethral sphincter of the bladder by sympathetic innervation prevents movement of ejaculate into urinary bladder,organ,lower urinary tract,lower urinary tract,UBERON:0001556,urinary bladder,urinary bladder,UBERON:0001255,sympathetic activity,decreases,X export,urine,,,,milliseconds,"intra-organ, systemic",intra-organ,,,,,,,,,,,,,reproduction,,,,,,,,,,,,"Medical Physiology, 3rd Edition (2017)",ISBN: 9781455743773,54,,,,,,,,,
male reproductive system,reproductive process,GO:0022414,ejaculation,sperm ejaculation,GO:0042713,spinal cord reflex,"musculoskeletal movement, spinal reflex action",GO:0050883,reflex afferent,,,,,,,,,,,,,,,,"spinal cord reflex via afferents through S2-S4, efferent activity via motor pudendal nerve. Results in rhythmic contraction of ischiocavernosus, bulbospongiosus",tissue,lumbosacral nerve plexus,lumbosacral nerve plexus,UBERON:0001815,sacral nerve,sacral nerve plexus,UBERON:0034986,,does,sensation of X,penile urethra,,,,milliseconds,,paracrine,,,,,,,,,,,,,reproduction,,,,,,,,,,,,"Medical Physiology, 3rd Edition (2017)",ISBN: 9781455743773,54,,,,,,,,,
male reproductive system,reproductive process,GO:0022414,ejaculation,sperm ejaculation,GO:0042713,spinal cord reflex,"musculoskeletal movement, spinal reflex action",GO:0050883,reflex efferent,,,,,,,,,,,,,,,,"spinal cord reflex via afferents through S2-S4, efferent activity via motor pudendal nerve. Results in rhythmic contraction of ischiocavernosus, bulbospongiosus",tissue,pelvis nerve,pelvis nerve,UBERON:0003444,motor pudendal nerve,pudendal nerve,UBERON:0011390,,does,innervation of X,ischiocavernosus muscle,,,,milliseconds,,paracrine,,,,,,,,,,,,,reproduction,,,,,,,,,,,,"Medical Physiology, 3rd Edition (2017)",ISBN: 9781455743773,54,,,,,,,,,
male reproductive system,reproductive process,GO:0022414,ejaculation,sperm ejaculation,GO:0042713,spinal cord reflex,"musculoskeletal movement, spinal reflex action",GO:0050883,reflex efferent,,,,,,,,,,,,,,,,"spinal cord reflex via afferents through S2-S4, efferent activity via motor pudendal nerve. Results in rhythmic contraction of ischiocavernosus, bulbospongiosus",tissue,pelvis nerve,pelvis nerve,UBERON:0003444,motor pudendal nerve,pudendal nerve,UBERON:0011390,,does,innervation of X,male bulbospongiosus muscle,,,,milliseconds,,paracrine,,,,,,,,,,,,,reproduction,,,,,,,,,,,,"Medical Physiology, 3rd Edition (2017)",ISBN: 9781455743773,54,,,,,,,,,
male reproductive system,reproductive process,GO:0022414,ejaculation,sperm ejaculation,GO:0042713,ischiocavernosus contraction,,,,,,,,,,,,,,,,,,,motor pudendal nerve outflow results in rhythmic contraction of ischiocavernosus,tissue,penis,penis,UBERON:0000989,ischiocavernosus,ischiocavernosus muscle,UBERON:0001339,,does,contraction,,,,,seconds,,autocrine,,,,,,,,,,,,,reproduction,,,,,,,,,,,,"Medical Physiology, 3rd Edition (2017)",ISBN: 9781455743773,54,,,,,,,,,
male reproductive system,reproductive process,GO:0022414,ejaculation,sperm ejaculation,GO:0042713,ischiocavernosus contraction,,,,,,,,,,,,,,,,,,,motor pudendal nerve outflow results in rhythmic contraction of ischiocavernosus,tissue,penis,penis,UBERON:0000989,ischiocavernosus,ischiocavernosus muscle,UBERON:0001339,motor pudendal nerve activity,increases,contraction,,,,,seconds,"paracrine, systemic",autocrine,,,,,,,,,,,,,reproduction,,,,,,,,,,,,"Medical Physiology, 3rd Edition (2017)",ISBN: 9781455743773,54,,,,,,,,,
male reproductive system,reproductive process,GO:0022414,ejaculation,sperm ejaculation,GO:0042713,ischiocavernosus contraction,,,,,,,,,,,,,,,,,,,motor pudendal nerve outflow results in rhythmic contraction of ischiocavernosus,tissue,penis,penis,UBERON:0000989,ischiocavernosus,ischiocavernosus muscle,UBERON:0001339,motor pudendal nerve activity,increases,contraction X,force,,,,seconds,"paracrine, systemic",autocrine,,,,,,,,,,,,,reproduction,,,,,,,,,,,,"Medical Physiology, 3rd Edition (2017)",ISBN: 9781455743773,54,,,,,,,,,
male reproductive system,reproductive process,GO:0022414,ejaculation,sperm ejaculation,GO:0042713,ischiocavernosus contraction,,,,,,,,,,,,,,,,,,,motor pudendal nerve outflow results in rhythmic contraction of ischiocavernosus,tissue,penis,penis,UBERON:0000989,ischiocavernosus,ischiocavernosus muscle,UBERON:0001339,motor pudendal nerve activity,increases,contraction X,frequency,,,,seconds,"paracrine, systemic",autocrine,,,,,,,,,,,,,reproduction,,,,,,,,,,,,"Medical Physiology, 3rd Edition (2017)",ISBN: 9781455743773,54,,,,,,,,,
male reproductive system,reproductive process,GO:0022414,ejaculation,sperm ejaculation,GO:0042713,ischiocavernosus contraction,,,,,,,,,,,,,,,,,,,motor pudendal nerve outflow results in rhythmic contraction of ischiocavernosus,tissue,penis,penis,UBERON:0000989,bulbospongiosus,male bulbospongiosus muscle,UBERON:0011388,,does,contraction,,,,,seconds,,autocrine,,,,,,,,,,,,,reproduction,,,,,,,,,,,,"Medical Physiology, 3rd Edition (2017)",ISBN: 9781455743773,54,,,,,,,,,
male reproductive system,reproductive process,GO:0022414,ejaculation,sperm ejaculation,GO:0042713,bulbospongiosus contraction,,,,,,,,,,,,,,,,,,,motor pudendal nerve outflow results in rhythmic contraction of bulbospongiosus,tissue,penis,penis,UBERON:0000989,bulbospongiosus,male bulbospongiosus muscle,UBERON:0011388,motor pudendal nerve activity,increases,contraction,,,,,seconds,"paracrine, systemic",autocrine,,,,,,,,,,,,,reproduction,,,,,,,,,,,,"Medical Physiology, 3rd Edition (2017)",ISBN: 9781455743773,54,,,,,,,,,
male reproductive system,reproductive process,GO:0022414,ejaculation,sperm ejaculation,GO:0042713,bulbospongiosus contraction,,,,,,,,,,,,,,,,,,,motor pudendal nerve outflow results in rhythmic contraction of bulbospongiosus,tissue,penis,penis,UBERON:0000989,bulbospongiosus,male bulbospongiosus muscle,UBERON:0011388,motor pudendal nerve activity,increases,contraction X,force,,,,seconds,"paracrine, systemic",autocrine,,,,,,,,,,,,,reproduction,,,,,,,,,,,,"Medical Physiology, 3rd Edition (2017)",ISBN: 9781455743773,54,,,,,,,,,
male reproductive system,reproductive process,GO:0022414,ejaculation,sperm ejaculation,GO:0042713,bulbospongiosus contraction,,,,,,,,,,,,,,,,,,,motor pudendal nerve outflow results in rhythmic contraction of bulbospongiosus,tissue,penis,penis,UBERON:0000989,bulbospongiosus,male bulbospongiosus muscle,UBERON:0011388,motor pudendal nerve activity,increases,contraction X,frequency,,,,seconds,"paracrine, systemic",autocrine,,,,,,,,,,,,,reproduction,,,,,,,,,,,,"Medical Physiology, 3rd Edition (2017)",ISBN: 9781455743773,54,,,,,,,,,
male reproductive system,reproductive process,GO:0022414,ejaculation,sperm ejaculation,GO:0042713,emission of semen from penile urethra,,,,,,,,,,,,,,,,,,,semen leaves penile urethra through urethral meatus,tissue,penile urethra,male urethra,UBERON:0001333,urethral meatus,male urethral meatus,UBERON:0012241,,does,X export,semen,,,,seconds,,intra-organ,,,,,,,,,,,,,reproduction,,,,,,,,,,,,"Medical Physiology, 3rd Edition (2017)",ISBN: 9781455743773,54,,,,,,,,,
male reproductive system,reproductive process,GO:0022414,ejaculation,sperm ejaculation,GO:0042713,emission of semen from penile urethra,,,,,,,,,,,,,,,,,,,semen leaves penile urethra through urethral meatus,tissue,penile urethra,male urethra,UBERON:0001333,urethral meatus,male urethral meatus,UBERON:0012241,male bulbospongiosus muscle contraction,increases,X export,semen,,,,seconds,paracrine,intra-organ,,,,,,,,,,,,,reproduction,,,,,,,,,,,,"Medical Physiology, 3rd Edition (2017)",ISBN: 9781455743773,54,,,,,,,,,
male reproductive system,reproductive process,GO:0022414,ejaculation,sperm ejaculation,GO:0042713,emission of semen from penile urethra,,,,,,,,,,,,,,,,,,,semen leaves penile urethra through urethral meatus,tissue,penile urethra,male urethra,UBERON:0001333,urethral meatus,male urethral meatus,UBERON:0012241,ischiocavernosus muscle contraction,increases,X export,semen,,,,seconds,paracrine,intra-organ,,,,,,,,,,,,,reproduction,,,,,,,,,,,,"Medical Physiology, 3rd Edition (2017)",ISBN: 9781455743773,54,,,,,,,,,