Whole Person Physiome Table for Male Reproductive System,,,,,,,,,,,,,,,,,,,,,,,,,,,,,,,,,,,,,,,,,,,,,,,,,,,,,,,,,,,,,,,,,,,,,,,,,,,,,,,,,,,,,,,,,,,,,,,,,,,
,,,,,,,,,,,,,,,,,,,,,,,,,,,,,,,,,,,,,,,,,,,,,,,,,,,,,,,,,,,,,,,,,,,,,,,,,,,,,,,,,,,,,,,,,,,,,,,,,,,
Author Name(s):,Jacob C. Scherba,,,,,,,,,,,,,,,,,,,,,,,,,,,,,,,,,,,,,,,,,,,,,,,,,,,,,,,,,,,,,,,,,,,,,,,,,,,,,,,,,,,,,,,,,,,,,,,,,,
Author ORCID(s):,0000-0001-8187-0507,,,,,,,,,,,,,,,,,,,,,,,,,,,,,,,,,,,,,,,,,,,,,,,,,,,,,,,,,,,,,,,,,,,,,,,,,,,,,,,,,,,,,,,,,,,,,,,,,,
Reviewer Name(s):,,,,,,,,,,,,,,,,,,,,,,,,,,,,,,,,,,,,,,,,,,,,,,,,,,,,,,,,,,,,,,,,,,,,,,,,,,,,,,,,,,,,,,,,,,,,,,,,,,,
Reviewer ORCID(s):,,,,,,,,,,,,,,,,,,,,,,,,,,,,,,,,,,,,,,,,,,,,,,,,,,,,,,,,,,,,,,,,,,,,,,,,,,,,,,,,,,,,,,,,,,,,,,,,,,,
General Publication(s):,,,,,,,,,,,,,,,,,,,,,,,,,,,,,,,,,,,,,,,,,,,,,,,,,,,,,,,,,,,,,,,,,,,,,,,,,,,,,,,,,,,,,,,,,,,,,,,,,,,
Data DOI:,,,,,,,,,,,,,,,,,,,,,,,,,,,,,,,,,,,,,,,,,,,,,,,,,,,,,,,,,,,,,,,,,,,,,,,,,,,,,,,,,,,,,,,,,,,,,,,,,,,
Date:,10/1/2025,,,,,,,,,,,,,,,,,,,,,,,,,,,,,,,,,,,,,,,,,,,,,,,,,,,,,,,,,,,,,,,,,,,,,,,,,,,,,,,,,,,,,,,,,,,,,,,,,,
Version Number:,v1.0,,,,,,,,,,,,,,,,,,,,,,,,,,,,,,,,,,,,,,,,,,,,,,,,,,,,,,,,,,,,,,,,,,,,,,,,,,,,,,,,,,,,,,,,,,,,,,,,,,
"List physiological functions as a hierarchy, starting with the body system in Function/1 (this should be the same as the table name), a major life function in Function/2, and more specific functions in subsequent columns. Add more columns if needed. Place limited explanatory text if needed in Function/Notes. Each function should include a ID from Gene Ontology (GO) if possible or another standard ontology. The LABEL column is the label for that ID as it appears in that ontology.",,,,,,,,,,,,,,,,,,,,,,,,,"Provide a very brief description (a few words) of the specific processes that occur during the corresponding function (e.g., a chemical reaction, physical change, feedback loop, etc.).",,,,"Indicate the time scale category for this process: milliseconds, seconds, minutes, hours, days, weeks, years.","List anatomical structures involved in the physiological function as a hierarchy, starting with an organ in Structure/1, part of an organ in Structure/2, and smaller sub-parts in subsequent columns. Add more columns if needed. For the LABEL and ID columns, use UBERON if possible or FMA as an alternative ontology.",,,,,,,,,,,,,,,,,,,,,,,,OPTIONAL: Cell (with ID if possible) to specify certain tissues or cell types within the anatomical structure,,,,,,"OPTIONAL FOR NOW. List clinical measures, such as laboratory tests, vital signs, or radiology studies, related to the physiological function. These columns are simple lists and are NOT hierarchical. Include an ID for the measurement, such as a LOINC code, if known. Add more columns if needed.",,,,,,,,,,,,"OPTIONAL FOR NOW. List other interacting physiological functions. These columns are simple lists and NOT hierarchical. Add more columns if needed. For the LABEL and ID columns, use Gene Ontology (GO) if possible.",,,,,,,,,,,,"DO NOT FILL THIS OUT YET. These columns will list body states or conditions that change the physiological process. (e.g., ""fed"", ""fasted"")",,"DO NOT FILL THIS OUT YET. These columns will indicate the changes that occur during the corresponding body states. (e.g., ""increase"", ""decrease"")",,"REQUIRED. Enter references in support of the information on this row. The ID column should include a standard identifier, such as a DOI or ISBN. The optional CHAPTER column should be used to list the relevant chapters in a book. The optional NOTES column can be used to clarify which part of the row the reference is for, such as a reference about the anatomical structures involved in the function rather than the interactions. Add more sets of reference columns if needed, making sure to include the ID column.",,,,,,,,,,,
Function/1,Function/1/LABEL,Function/1/ID,Function/2,Function/2/LABEL,Function/2/ID,Function/3,Function/3/LABEL,Function/3/ID,Function/4,Function/4/LABEL,Function/4/ID,Function/5,Function/5/LABEL,Function/5/ID,Function/6,Function/6/LABEL,Function/6/ID,Function/7,Function/7/LABEL,Function/7/ID,Function/8,Function/8/LABEL,Function/8/ID,Function/Notes,Process,Process triple,Process Logic,Process Logic,TimeScale,Structure/1,Structure/1/LABEL,Structure/1/ID,Structure/2,Structure/2/LABEL,Structure/2/ID,Structure/3,Structure/3/LABEL,Structure/3/ID,Structure/4,Structure/4/LABEL,Structure/4/ID,Structure/5,Structure/5/LABEL,Structure/5/ID,Structure/6,Structure/6/LABEL,Structure/6/ID,Structure/7,Structure/7/LABEL,Structure/7/ID,Structure/8,Structure/8/LABEL,Structure/8/ID,Cell/1,Cell/1/LABEL,Cell/1/ID,Cell/2,Cell/2/LABEL,Cell/2/ID,ClinicalMeasure/1,ClinicalMeasure/1/LABEL,ClinicalMeasure/1/ID,ClinicalMeasure/2,ClinicalMeasure/2/LABEL,ClinicalMeasure/2/ID,ClinicalMeasure/3,ClinicalMeasure/3/LABEL,ClinicalMeasure/3/ID,ClinicalMeasure/4,ClinicalMeasure/4/LABEL,ClinicalMeasure/4/ID,Interaction/1,Interaction/1/LABEL,Interaction/1/ID,Interaction/2,Interaction/2/LABEL,Interaction/2/ID,Interaction/3,Interaction/3/LABEL,Interaction/3/ID,Interaction/4,Interaction/4/LABEL,Interaction/4/ID,State/1,State/2,Regulation/1,Regulation/2,REF/1,REF/1/ID,REF/1/CHAPTER,REF/1/NOTES,REF/2,REF/2/ID,REF/2/CHAPTER,REF/2/NOTES,REF/3,REF/3/ID,REF/3/CHAPTER,REF/3/NOTES
male reproductive system,reproductive process,GO:0022414,homeostasis,homeostatic process,GO:0042592,endocrine autoregulation,regulation of endocrine process,GO:0044060,anterior pituitary inhibition,,,somatostatin production,somatostatin secretion,GO:0070253,,,,,,,,,,,parvocellular neurons release somatostatin and dopamine to inhibit the anterior pituitary,parvocellular neuron SECRETES somatostatin,IF somatostatin IS HIGH -> DECREASE [anterior pituitary hormones] secretion,,seconds,hypothalamus,hypothalamus,UBERON:0001898,paraventricular nucleus,paraventricular nucleus of hypothalamus,UBERON:0001930,,,,,,,,,,,,,,,,,,,parvocellular neurons,parvocellular neurosecretory cell,CL:1001505,,,,,,,,,,,,,,,,anterior pituitary function,,,,,,,,,,,,,,,,"Endocrine Physiology, 6th Edition (2023)",ISBN: 9781264278459,2,,,,,,,,,
male reproductive system,reproductive process,GO:0022414,homeostasis,homeostatic process,GO:0042592,endocrine autoregulation,regulation of endocrine process,GO:0044060,anterior pituitary inhibition,,,somatostatin production,somatostatin secretion,GO:0070253,,,,,,,,,,,,parvocellular neuron SECRETES dopamine,IF dopamine IS HIGH -> DECREASE [anterior pituitary hormones] secretion,,seconds,hypothalamus,hypothalamus,UBERON:0001898,paraventricular nucleus,paraventricular nucleus of hypothalamus,UBERON:0001930,,,,,,,,,,,,,,,,,,,parvocellular neurons,parvocellular neurosecretory cell,CL:1001505,,,,,,,,,,,,,,,,anterior pituitary function,,,,,,,,,,,,,,,,"Endocrine Physiology, 6th Edition (2023)",ISBN: 9781264278459,2,,,,,,,,,
male reproductive system,reproductive process,GO:0022414,growth and development,developmental growth,GO:0048589,anabolic muscle growth,positive regulation of skeletal muscle tissue growth,GO:0048633,,,,,,,,,,,,,,,,,testosterone leads to male pattern muscle growth,,IF testosterone IS HIGH -> INCREASE muscle growth,,weeks,skeletal muscle,skeletal muscle tissue,UBERON:0001134,,,,,,,,,,,,,,,,,,,,,,skeletal myocyte,skeletal muscle fiber,CL:0008002,,,,,,,,,,,,,,,,,,,,,,,,,,,,,,,,"Medical Physiology, 3rd Edition (2017)",ISBN: 9781455743773,54,,,,,,,,,
male reproductive system,reproductive process,GO:0022414,gonadotropin hormone releasing hormone production,gonadotropin hormone-releasing hormone activity,GO:0005183,,,,,,,,,,,,,,,,,,,,GnRH stimulates LH and FSH release from the anterior pituitary,parvicellular neuron SECRETES gnrh,IF gnrh IS HIGH AND pulsatile -> INCREASE lh secretion,IF gnrh IS HIGH AND continuous -> DECREASE lh secretion,minutes,hypothalamus,hypothalamus,UBERON:0001898,paraventricular nucleus,paraventricular nucleus of hypothalamus,UBERON:0001930,,,,,,,,,,,,,,,,,,,parvocellular neurons,parvocellular neurosecretory cell,CL:1001505,,,,,,,,,,,,,,,,,,,,,,,,,,,,,,,,"Endocrine Physiology, 6th Edition (2023)",ISBN: 9781264278459,2,,,,,,,,,
male reproductive system,reproductive process,GO:0022414,gonadotropin hormone releasing hormone production,gonadotropin hormone-releasing hormone activity,GO:0005183,,,,,,,,,,,,,,,,,,,,,,IF gnrh IS HIGH AND pulsatile -> INCREASE fsh secretion,IF gnrh IS HIGH AND continuous -> DECREASE fsh secretion,minutes,hypothalamus,hypothalamus,UBERON:0001898,paraventricular nucleus,paraventricular nucleus of hypothalamus,UBERON:0001930,,,,,,,,,,,,,,,,,,,parvocellular neurons,parvocellular neurosecretory cell,CL:1001505,,,,,,,,,,,,,,,,,,,,,,,,,,,,,,,,"Endocrine Physiology, 6th Edition (2023)",ISBN: 9781264278459,2,,,,,,,,,
male reproductive system,reproductive process,GO:0022414,gonadotropin hormone releasing hormone release,gonadotropin hormone-releasing hormone activity,GO:0005183,,,,,,,,,,,,,,,,,,,,GnRH is released in a pulsatile manner; continuous GnRH secretion is suppressive,,gnrh release pattern = sinusoidal,,seconds,hypothalamus,hypothalamus,UBERON:0001898,paraventricular nucleus,paraventricular nucleus of hypothalamus,UBERON:0001930,,,,,,,,,,,,,,,,,,,parvocellular neurons,parvocellular neurosecretory cell,CL:1001505,,,,,,,,,,,,,,,,luteinizing hormone release,,,,,,,,,,,,,,,,"Endocrine Physiology, 6th Edition (2023)",ISBN: 9781264278459,2,,,,,,,,,
male reproductive system,reproductive process,GO:0022414,luteinizing hormone production,luteinizing hormone secretion,GO:0032275,,,,,,,,,,,,,,,,,,,,LH triggers testosterone production in males; dual exponential half life of 40 minutes and 120 minutes in circulation,anterior pituitary SECRETES luteinizing hormone,IF lh IS HIGH AND (sex = MALE) -> INCREASE testosterone secretion,,minutes,pituitary gland,pituitary gland,UBERON:0000007,anterior pituitary,adenohypophysis,UBERON:0002196,,,,,,,,,,,,,,,,,,,,,,,,,,,,,,,,,,,,,,,,,,,,,,,,,,,,,"Endocrine Physiology, 6th Edition (2023)",ISBN: 9781264278459,2,,,,,,,,,
male reproductive system,reproductive process,GO:0022414,luteinizing hormone release,luteinizing hormone secretion,GO:0032275,,,,,,,,,,,,,,,,,,,,LH is released in a pulsatile manner; triggers testosterone production in males,,luteinizing hormone release pattern = sinusoidal,,seconds,pituitary gland,pituitary gland,UBERON:0000007,anterior pituitary,adenohypophysis,UBERON:0002196,,,,,,,,,,,,,,,,,,,,,,,,,plasma LH,,10501-5,,,,,,,,,,ovulation,,,testosterone synthesis,,,,,,,,,,,,,"Endocrine Physiology, 6th Edition (2023)",ISBN: 9781264278459,2,,,,,,,,,
male reproductive system,reproductive process,GO:0022414,follicle-stimulating hormone secretion,follicle-stimulating hormone secretion,GO:0046884,,,,,,,,,,,,,,,,,,,,FSH increases spermatogenesis in the Sertoli cell; dual exponential half life of 4 hours and 3 days,anterior pituitary SECRETES fsh,IF gnrh IS HIGH AND pulsatile -> INCREASE fsh secretion,IF gnrh IS HIGH AND continuous -> DECREASE fsh secretion,,pituitary gland,pituitary gland,UBERON:0000007,anterior pituitary,adenohypophysis,UBERON:0002196,,,,,,,,,,,,,,,,,,,,,,,,,,,,,,,,,,,,,,,,,,,,,,,,,,,,,"Endocrine Physiology, 6th Edition (2023)",ISBN: 9781264278459,2,,,,,,,,,
male reproductive system,reproductive process,GO:0022414,androgen production,androgen secretion,GO:0035935,androstenedione production,androstenedione secretion,GO:0035941,,,,,,,,,,,,,,,,,serves as a precursor to estrogen,zona reticularis SECRETES androstenedione,,,hours,adrenal gland,adrenal gland,UBERON:0002369,medulla,adrenal medulla,UBERON:0001236,zona reticularis,zona reticularis of adrenal gland,UBERON:0002055,,,,,,,,,,,,,,,,,,,,,,plasma androstenedione,,1854-9,,,,,,,,,,estradiol synthesis,,,menstruation and ovulation,,,,,,,,,,,,,"Endocrine Physiology, 6th Edition (2023)",ISBN: 9781264278459,9,,,,,,,,,
male reproductive system,reproductive process,GO:0022414,androgen production,androgen secretion,GO:0035935,peripheral aromatization,,,,,,,,,,,,,,,,,,,converts androstenedione and testosterone to estrogen,,,,hours,adipose tissue,adipose tissue,UBERON:0001013,,,,,,,,,,,,,,,,,,,,,,white adipocyte,white adipocyte,CL:0000448,,,,,,,,,,,,,,,,,,,,,,,,,,,,,,,,"Endocrine Physiology, 6th Edition (2023)",ISBN: 9781264278459,9,,,,,,,,,
male reproductive system,reproductive process,GO:0022414,androgen production,androgen secretion,GO:0035935,peripheral aromatization,,,,,,,,,,,,,,,,,,,converts androstenedione and testosterone to estrogen,,,,hours,skeletal muscle,skeletal muscle tissue,UBERON:0001134,skeletal myocytes,,,,,,,,,,,,,,,,,,,,,skeletal muscle fiber,CL:0008002,,,,,,,,,,,,,,,,,,,,,,,,,,,,,,,,,"Endocrine Physiology, 6th Edition (2023)",ISBN: 9781264278459,9,,,,,,,,,
male reproductive system,reproductive process,GO:0022414,androgen production,androgen secretion,GO:0035935,peripheral aromatization,,,,,,,,,,,,,,,,,,,converts androstenedione and testosterone to estrogen,,,,hours,skin,skin of body,UBERON:0002097,dermal fibroblasts,,,,,,,,,,,,,,,,,,,,,fibroblast of dermis,CL:0002551,,,,,,,,,,,,,,,,,,,,,,,,,,,,,,,,,"Endocrine Physiology, 6th Edition (2023)",ISBN: 9781264278459,9,,,,,,,,,
male reproductive system,reproductive process,GO:0022414,testosterone production,testosterone secretion,GO:0035936,,,,,,,,,,,,,,,,,,,,promotes internal and external male genitalia development; spermatogenesis; bone and muscle growth; secondary sexual characteristics,leydig cell SECRETES testosterone,IF lh IS HIGH -> INCREASE testosterone secretion,,minutes,testis,testis,UBERON:0000473,seminiferous tubule,seminiferous tubule of testis,UBERON:0001343,,,,,,,,,,,,,,,,,,,leydig cell,Leydig cell,CL:0000178,,,,plasma testosterone,,2986-8,,,,,,,,,,male sexual development and function,,,metabolism changes,,,,,,,,,,,,,"Endocrine Physiology, 6th Edition (2023)",ISBN: 9781264278459,8,,,,,,,,,
male reproductive system,reproductive process,GO:0022414,testosterone production,testosterone secretion,GO:0035936,,,,,,,,,,,,,,,,,,,,,,IF testosterone IS HIGH -> INCREASE male primary sexual characteristic development,IF testosterone IS HIGH -> INCREASE male secondary sexual characteristic development,weeks,testis,testis,UBERON:0000473,seminiferous tubule,seminiferous tubule of testis,UBERON:0001343,,,,,,,,,,,,,,,,,,,leydig cell,Leydig cell,CL:0000178,,,,plasma testosterone,,2986-8,,,,,,,,,,male sexual development and function,,,metabolism changes,,,,,,,,,,,,,"Endocrine Physiology, 6th Edition (2023)",ISBN: 9781264278459,8,,,,,,,,,
male reproductive system,reproductive process,GO:0022414,testosterone production,testosterone secretion,GO:0035936,,,,,,,,,,,,,,,,,,,,,,IF testosterone IS HIGH -> INCREASE spermatogenesis,,hours,testis,testis,UBERON:0000473,seminiferous tubule,seminiferous tubule of testis,UBERON:0001343,,,,,,,,,,,,,,,,,,,leydig cell,Leydig cell,CL:0000178,,,,plasma testosterone,,2986-8,,,,,,,,,,male sexual development and function,,,metabolism changes,,,,,,,,,,,,,"Endocrine Physiology, 6th Edition (2023)",ISBN: 9781264278459,8,,,,,,,,,
male reproductive system,reproductive process,GO:0022414,testosterone production,testosterone secretion,GO:0035936,,,,,,,,,,,,,,,,,,,,,,IF testosterone IS HIGH -> INCREASE bone growth,,weeks,testis,testis,UBERON:0000473,seminiferous tubule,seminiferous tubule of testis,UBERON:0001343,,,,,,,,,,,,,,,,,,,leydig cell,Leydig cell,CL:0000178,,,,plasma testosterone,,2986-8,,,,,,,,,,male sexual development and function,,,metabolism changes,,,,,,,,,,,,,"Endocrine Physiology, 6th Edition (2023)",ISBN: 9781264278459,8,,,,,,,,,
male reproductive system,reproductive process,GO:0022414,testosterone production,testosterone secretion,GO:0035936,,,,,,,,,,,,,,,,,,,,,,IF testosterone IS HIGH -> INCREASE muscle growth,,weeks,testis,testis,UBERON:0000473,seminiferous tubule,seminiferous tubule of testis,UBERON:0001343,,,,,,,,,,,,,,,,,,,leydig cell,Leydig cell,CL:0000178,,,,plasma testosterone,,2986-8,,,,,,,,,,male sexual development and function,,,metabolism changes,,,,,,,,,,,,,"Endocrine Physiology, 6th Edition (2023)",ISBN: 9781264278459,8,,,,,,,,,
male reproductive system,reproductive process,GO:0022414,inhibin B production,inhibin secretion,GO:0032334,,,,,,,,,,,,,,,,,,,,inhibits FSH release; indirect marker of Sertoli cell activity,sertoli cell SECRETES inhibin b,IF inhibin b IS HIGH -> DECREASE fsh secretion,,hours,testis,testis,UBERON:0000473,seminiferous tubule,seminiferous tubule of testis,UBERON:0001343,,,,,,,,,,,,,,,,,,,sertoli cell,Sertoli cell,CL:0000216,,,,plasma inhibin B,,34319-4,,,,,,,,,,pituitary gland feedback,,,FSH inhibition,,,,,,,,,,,,,"Endocrine Physiology, 6th Edition (2023)",ISBN: 9781264278459,8,,,,,,,,,
male reproductive system,reproductive process,GO:0022414,anti-müllerian hormone production,,,,,,,,,,,,,,,,,,,,,,causes regression of Müllerian ducts in male development,sertoli cell SECRETES anti-mullerian hormone,,,hours,testis,testis,UBERON:0000473,seminiferous tubule,seminiferous tubule of testis,UBERON:0001343,,,,,,,,,,,,,,,,,,,sertoli cell,Sertoli cell,CL:0000216,,,,plasma AMH,,83104-0,,,,,,,,,,sexual development,,,embryonic development,,,müllerian duct regression,,,,,,,,,,"Endocrine Physiology, 6th Edition (2023)",ISBN: 9781264278459,8,,,,,,,,,
male reproductive system,reproductive process,GO:0022414,gamete generation,gamete generation,GO:0007276,male gamete generation,male gamete generation,GO:0048232,spermatogenesis,spermatogenesis,GO:0007283,,,,,,,,,,,,,,sertoli cells in the seminiferous tubules generate spermatozoa,sertoli cell GENERATES spermatozoa,IF fsh IS HIGH -> INCREASE spermatogenesis,,days,testis,testis,UBERON:0000473,seminiferous tubule,seminiferous tubule of testis,UBERON:0001343,,,,,,,,,,,,,,,,,,,sertoli cell,Sertoli cell,CL:0000216,,,,,,,,,,,,,,,,sexual development,,,development of secondary sexual characteristics,,,reproduction,,,,,,,,,,"Medical Physiology, 3rd Edition (2017)",ISBN: 9781455743773,54,,,,,,,,,
male reproductive system,reproductive process,GO:0022414,gamete generation,gamete generation,GO:0007276,male gamete generation,male gamete generation,GO:0048232,maturation of spermatozoa,,,,,,,,,,,,,,,,spermatozoa mature and increase motility as they progress through the epididymis,,,,days,testis,testis,UBERON:0000473,epididymis,epididymis,UBERON:0001301,,,,,,,,,,,,,,,,,,,,,,,,,sperm count,,54453-6,,,,,,,,,,sexual development,,,reproduction,,,,,,,,,,,,,"Medical Physiology, 3rd Edition (2017)",ISBN: 9781455743773,54,,,,,,,,,
male reproductive system,reproductive process,GO:0022414,spermatozoa transport,,,,,,,,,,,,,,,,,,,,,,spermatozoa move through the epididymis through the vas deferens en route to the seminal vesicle,spermatozoa MOVE FROM epididymis TO vas deferens AND FROM vas deferens TO seminal vesicle,,,minutes,testis,testis,UBERON:0000473,vas deferens,vas deferens ,UBERON:0001000,,,,,,,,,,,,,,,,,,,,,,,,,,,,,,,,,,,,,sexual development,,,reproduction,,,,,,,,,,,,,"Medical Physiology, 3rd Edition (2017)",ISBN: 9781455743773,54,,,,,,,,,
male reproductive system,reproductive process,GO:0022414,spermatozoa storage,sperm storage,GO:0046693,,,,,,,,,,,,,,,,,,,,mature spermatozoa remain in the seminal vesicle until ejaculation,seminal vesicle STORES spermatozoa,,,days,testis,testis,UBERON:0000473,seminal vesicle,seminal vesicle,UBERON:0000998,,,,,,,,,,,,,,,,,,,,,,,,,,,,,,,,,,,,,sexual development,,,reproduction,,,,,,,,,,,,,"Medical Physiology, 3rd Edition (2017)",ISBN: 9781455743773,54,,,,,,,,,
male reproductive system,reproductive process,GO:0022414,semen generation,,,seminal plasma generation,,,,,,,,,,,,,,,,,,,70% of the seminal plasma is formed by the seminal vesicle,seminal vesicle SECRETES seminal plasma,,,hours,testis,testis,UBERON:0000473,seminal vesicle,seminal vesicle,UBERON:0000998,,,,,,,,,,,,,,,,,,,,,,,,,,,,,,,,,,,,,sexual development,,,reproduction,,,,,,,,,,,,,"Medical Physiology, 3rd Edition (2017)",ISBN: 9781455743773,54,,,,,,,,,
male reproductive system,reproductive process,GO:0022414,development of male secondary sexual characteristics,development of male secondary sexual characteristics,GO:0046544,dht secretion,,,,,,,,,,,,,,,,,,,testosterone is converted to DHT in the prostate ,prostate SECRETES dht,IF testosterone IS HIGH -> INCREASE dht secretion,,minutes,prostate,prostate gland,UBERON:0002367,,,,,,,,,,,,,,,,,,,,,,,,,,,,plasma DHT,,,,,,,,,,,,reproduction,,,,,,,,,,,,,,,,"Medical Physiology, 3rd Edition (2017)",ISBN: 9781455743773,54,,,,,,,,,
male reproductive system,reproductive process,GO:0022414,semen generation,,,ejaculate fluid generation,,,,,,,,,,,,,,,,,,,prostate bulbourethral glands secrete ejaculate fluid during coitus; it is not stored,bulbourethral gland SECRETES ejaculate fluid,IF (coitus = TRUE) -> INCREASE ejaculate fluid secretion,,seconds,prostate,prostate gland,UBERON:0002367,bulbourethral gland,bulbo-urethral gland,UBERON:0002366,,,,,,,,,,,,,,,,,,,,,,,,,,,,,,,,,,,,,reproduction,,,,,,,,,,,,,,,,"Medical Physiology, 3rd Edition (2017)",ISBN: 9781455743773,54,,,,,,,,,
male reproductive system,reproductive process,GO:0022414,erection regulation,regulation of penile erection,GO:0043084,innervation,innervation,GO:0060384,parasympathetic innervation,,,,,,,,,,,,,,,,"parasympathetic ganglia innervate corpus cavernosum, release ACh and NO to promote vasodilation",pelvic parasympathetic nerve INNERVATES corpus cavernosum,IF (parasympathetic outflow = TRUE) -> INCREASE acetylcholine secretion,IF (parasympathetic outflow = TRUE) -> INCREASE nitric oxide secretion,seconds,pelvic plexus,inferior hypogastric nerve plexus,UBERON:0002014,parasympathetic nerves,parasympathetic nerve,UBERON:0004293,,,,,,,,,,,,,,,,,,,,,,,,,,,,,,,,,,,,,reproduction,,,,,,,,,,,,,,,,"Medical Physiology, 3rd Edition (2017)",ISBN: 9781455743773,54,,,,,,,,,
male reproductive system,reproductive process,GO:0022414,erection regulation,regulation of penile erection,GO:0043084,innervation,innervation,GO:0060384,parasympathetic innervation,,,,,,,,,,,,,,,,,,IF acetylcholine IS HIGH -> INCREASE vasodilation,IF nitric oxide IS HIGH -> INCREASE vasodilation,seconds,pelvic plexus,inferior hypogastric nerve plexus,UBERON:0002014,parasympathetic nerves,parasympathetic nerve,UBERON:0004293,,,,,,,,,,,,,,,,,,,,,,,,,,,,,,,,,,,,,reproduction,,,,,,,,,,,,,,,,"Medical Physiology, 3rd Edition (2017)",ISBN: 9781455743773,54,,,,,,,,,
male reproductive system,reproductive process,GO:0022414,ejaculation,sperm ejaculation,GO:0042713,innervation,innervation,GO:0060384,sympathetic innervation,,,,,,,,,,,,,,,,sympathetic ganglia innervate ejaculatory ducts,hypogastric nerve INNERVATES ejaculatory duct smooth muscle,IF (sympathetic outflow = TRUE) -> INCREASE ejaculatory duct smooth muscle contraction,,seconds,hypogastric nerve,hypogastric nerve,UBERON:0005303,sympathetic nerves,sympathetic nerve,UBERON:0034729,,,,,,,,,,,,,,,,,,,,,,,,,,,,,,,,,,,,,reproduction,,,,,,,,,,,,,,,,"Medical Physiology, 3rd Edition (2017)",ISBN: 9781455743773,54,,,,,,,,,
male reproductive system,reproductive process,GO:0022414,ejaculation,sperm ejaculation,GO:0042713,ejaculatory duct contraction,,,,,,,,,,,,,,,,,,,,,,,seconds,ejactulatory duct smooth muscle,smooth muscle tissue layer of ejaculatory duct,UBERON:0015717,,,,,,,,,,,,,,,,,,,,,,,,,,,,,,,,,,,,,,,,reproduction,,,,,,,,,,,,,,,,"Medical Physiology, 3rd Edition (2017)",ISBN: 9781455743773,54,,,,,,,,,
male reproductive system,reproductive process,GO:0022414,sexual sensation,sensory processing,GO:0050893,,,,,,,,,,,,,,,,,,,,penis has afferent sensory information transmitted through sensory pudendal nerve,,,,milliseconds,sensory pudendal nerve,pudendal nerve,UBERON:0011390,,,,,,,,,,,,,,,,,,,,,,,,,,,,,,,,,,,,,,,,reproduction,,,,,,,,,,,,,,,,"Medical Physiology, 3rd Edition (2017)",ISBN: 9781455743773,54,,,,,,,,,
male reproductive system,reproductive process,GO:0022414,innervation,innervation,GO:0060384,somatic innervation,,,penile innervation,,,,,,,,,,,,,,,,motor pudendal nerve innervate striated bulbospongiosus penile muscles,motor pudendal nerve INNERVATES striated bulbospongiosus,IF (sympathetic outflow = TRUE) -> INCREASE striated bulbospongiosus contraction,,milliseconds,motor pudendal nerve,pudendal nerve,UBERON:0011390,,,,,,,,,,,,,,,,,,,,,,,,,,,,,,,,,,,,,,,,reproduction,,,,,,,,,,,,,,,,"Medical Physiology, 3rd Edition (2017)",ISBN: 9781455743773,54,,,,,,,,,
male reproductive system,reproductive process,GO:0022414,erection,penile erection,GO:0043084,corpus cavernosa relaxation,,,,,,,,,,,,,,,,,,,corpus cavernosum relaxes to allow blood to flow in,,IF (pelvic parasympathetic outflow = TRUE) -> INCREASE corpus cavernosum relaxation,IF (corpus cavernosum dilation = TRUE) -> INCREASE blood flow FROM cavernosal artery TO corpus cavernosum,seconds,corpus cavernosum,corpus cavernosum penis,UBERON:0004713,,,,,,,,,,,,,,,,,,,,,,,,,,,,,,,,,,,,,,,,reproduction,,,,,,,,,,,,,,,,"Medical Physiology, 3rd Edition (2017)",ISBN: 9781455743773,54,,,,,,,,,
male reproductive system,reproductive process,GO:0022414,erection,penile erection,GO:0043084,corpus cavernosum filling,,,,,,,,,,,,,,,,,,,,cavernosal artery SUPPLIES corpus cavernosum,,,seconds,cavernosal artery,deep artery of penis,UBERON:0008321,,,,,,,,,,,,,,,,,,,,,,,,,,,,,,,,,,,,,,,,reproduction,,,,,,,,,,,,,,,,"Medical Physiology, 3rd Edition (2017)",ISBN: 9781455743773,54,,,,,,,,,
male reproductive system,reproductive process,GO:0022414,erection,penile erection,GO:0043084,corpus spongiosum dilation,,,,,,,,,,,,,,,,,,,corpus spongiosum dilates ,,IF (pelvic parasympthetic outflow = TRUE) -> INCREASE corpus spongiosum dilation,IF (corpus spongiosum dilation = TRUE) -> INCREASE blood flow FROM perineal artery TO corpus spongiosum,seconds,corpus spongiosum,corpus spongiosum of penis,UBERON:0011183,,,,,,,,,,,,,,,,,,,,,,,,,,,,,,,,,,,,,,,,reproduction,,,,,,,,,,,,,,,,"Medical Physiology, 3rd Edition (2017)",ISBN: 9781455743773,54,,,,,,,,,
male reproductive system,reproductive process,GO:0022414,erection,penile erection,GO:0043084,corpus spongiosum filling,,,,,,,,,,,,,,,,,,,,perineal artery SUPPLIES corpus spongiosum,,,seconds,perineal artery,perineal artery,UBERON:0001358,,,,,,,,,,,,,,,,,,,,,,,,,,,,,,,,,,,,,,,,reproduction,,,,,,,,,,,,,,,,"Medical Physiology, 3rd Edition (2017)",ISBN: 9781455743773,54,,,,,,,,,
male reproductive system,reproductive process,GO:0022414,erection,penile erection,GO:0043084,corpus cavernosum draining,,,,,,,,,,,,,,,,,,,,deep dorsal vein DRAINS corpus cavernosum,IF (pelvic parasympthetic outflow = FALSE) -> DECREASE corpus cavernosum relaxation,,seconds,deep dorsal vein,deep dorsal vein of penis,UBERON:0006656,,,,,,,,,,,,,,,,,,,,,,,,,,,,,,,,,,,,,,,,reproduction,,,,,,,,,,,,,,,,"Medical Physiology, 3rd Edition (2017)",ISBN: 9781455743773,54,,,,,,,,,
male reproductive system,reproductive process,GO:0022414,erection,penile erection,GO:0043084,corpus spongiosum draining,,,,,,,,,,,,,,,,,,,,perineal vein DRAINS corpus spongiosum,IF (pelvic parasympthetic outflow = FALSE) -> DECREASE corpus spongiosum dilation,,seconds,perineal vein,perineal vein,UBERON:0001362,,,,,,,,,,,,,,,,,,,,,,,,,,,,,,,,,,,,,,,,reproduction,,,,,,,,,,,,,,,,"Medical Physiology, 3rd Edition (2017)",ISBN: 9781455743773,54,,,,,,,,,
male reproductive system,reproductive process,GO:0022414,ejaculation,sperm ejaculation,GO:0042713,innervation,innervation,GO:0060384,somatic innervation,,,,,,,,,,,,,,,,motor pudendal nerve innervate striated bulbospongiosus penile muscles and contributes to force of ejaculation,motor pudendal nerve INNERVATES striated bulbospongiosus,,,seconds,motor pudendal nerve,pudendal nerve,UBERON:0011390,,,,,,,,,,,,,,,,,,,,,,,,,,,,,,,,,,,,,,,,reproduction,,,,,,,,,,,,,,,,"Medical Physiology, 3rd Edition (2017)",ISBN: 9781455743773,54,,,,,,,,,
male reproductive system,reproductive process,GO:0022414,ejaculation,sperm ejaculation,GO:0042713,innervation,innervation,GO:0060384,sympathetic innervation,,,contraction of ejaculatory apparatus,,,,,,,,,,,,,sympathetic innervation from the hypogastric nerve (via epinephrine) causes contraction of the smooth muscle of the distal epididymis and vas deferens,hypogastric nerve INNERVATES epididymis smooth muscle AND vas deferens smooth muscle,IF (hypogastric sympathetic outflow = TRUE) -> INCREASE norephinephrine release,,millseconds,autonomic nerve,autonomic nerve,UBERON:0034728,hypogastric nerve,hypogastric nerve,UBERON:0005303,,,,,,,,,,,,,,,,,,,,,,,,,,,,,,,,,,,,,reproduction,,,,,,,,,,,,,,,,"Medical Physiology, 3rd Edition (2017)",ISBN: 9781455743773,54,,,,,,,,,
male reproductive system,reproductive process,GO:0022414,ejaculation,sperm ejaculation,GO:0042713,innervation,innervation,GO:0060384,sympathetic innervation,,,contraction of ejaculatory apparatus,,,,,,,,,,,,,,,IF (hypogastric sympathetic outflow = TRUE) -> INCREASE epididymis smooth muscle contraction,,seconds,epididymis smooth muscle,epididymis smooth muscle,UBERON:0004835,,,,,,,,,,,,,,,,,,,,,,,,,,,,,,,,,,,,,,,,reproduction,,,,,,,,,,,,,,,,"Medical Physiology, 3rd Edition (2017)",ISBN: 9781455743773,54,,,,,,,,,
male reproductive system,reproductive process,GO:0022414,ejaculation,sperm ejaculation,GO:0042713,innervation,innervation,GO:0060384,sympathetic innervation,,,contraction of ejaculatory apparatus,,,,,,,,,,,,,,,IF (hypogastric sympathetic outflow = TRUE) -> INCREASE vas deferens smooth muscle contraction,,seconds,vas deferens smooth muscle,muscular coat of vas deferens,UBERON:0004224,,,,,,,,,,,,,,,,,,,,,,,,,,,,,,,,,,,,,,,,reproduction,,,,,,,,,,,,,,,,"Medical Physiology, 3rd Edition (2017)",ISBN: 9781455743773,54,,,,,,,,,
male reproductive system,reproductive process,GO:0022414,ejaculation,sperm ejaculation,GO:0042713,emission,,,,,,,,,,,,,,,,,,,movement of seminal plasma from prostatic urethra to penile urethra,seminal plasma MOVES FROM prostatic urethra TO penile urethra,,,seconds,prostatic urethra,prostatic urethra,UBERON:0001335,penile urethra,male urethra,UBERON:0001333,,,,,,,,,,,,,,,,,,,,,,,,,,,,,,,,,,,,,reproduction,,,,,,,,,,,,,,,,"Medical Physiology, 3rd Edition (2017)",ISBN: 9781455743773,54,,,,,,,,,
male reproductive system,reproductive process,GO:0022414,ejaculation,sperm ejaculation,GO:0042713,innervation,innervation,GO:0060384,sympathetic innervation,,,,,,,,,,,,,,,,sympathetic outflow from T10-L2 release norepinephrine to induce sphincter constriction,thoracic sympathetic nerve INNERVATES internal urethral sphincter,IF (thoracic sympathetic outflow = TRUE) -> INCREASE urinary sphincter contraction,,milliseconds,thoracic sympathetic nerve,thoracic sympathetic nerve trunk,UBERON:0004863,,,,,,,,,,,,,,,,,,,,,,,,,,,,,,,,,,,,,,,,reproduction,,,,,,,,,,,,,,,,"Medical Physiology, 3rd Edition (2017)",ISBN: 9781455743773,54,,,,,,,,,
male reproductive system,reproductive process,GO:0022414,ejaculation,sperm ejaculation,GO:0042713,constriction of urinary sphincter,,,,,,,,,,,,,,,,,,,internal urethral sphincter of the bladder by sympathetic innervation prevents movement of ejaculate into urinary bladder,,IF (thoracic sympathetic outflow = TRUE) -> DECREASE (urine MOVES FROM bladder TO urethra),,milliseconds,internal urinary sphincter of the bladder,internal urethral sphincter,UBERON:0004918,,,,,,,,,,,,,,,,,,,,,,,,,,,,,,,,,,,,,,,,reproduction,,,,,,,,,,,,,,,,"Medical Physiology, 3rd Edition (2017)",ISBN: 9781455743773,54,,,,,,,,,
male reproductive system,reproductive process,GO:0022414,ejaculation,sperm ejaculation,GO:0042713,spinal cord reflex,"musculoskeletal movement, spinal reflex action",GO:0050883,reflex afferent,,,,,,,,,,,,,,,,"spinal cord reflex via afferents through S2-S4, efferent activity via motor pudendal nerve. Results in rhythmic contraction of ischiocavernosus, bulbospongiosus",sacral spinal nerve SENSES penile urethra,,,milliseconds,sacral nerve,sacral nerve plexus,UBERON:0034986,,,,,,,,,,,,,,,,,,,,,,,,,,,,,,,,,,,,,,,,reproduction,,,,,,,,,,,,,,,,"Medical Physiology, 3rd Edition (2017)",ISBN: 9781455743773,54,,,,,,,,,
male reproductive system,reproductive process,GO:0022414,ejaculation,sperm ejaculation,GO:0042713,spinal cord reflex,"musculoskeletal movement, spinal reflex action",GO:0050883,reflex efferent,,,,,,,,,,,,,,,,"spinal cord reflex via afferents through S2-S4, efferent activity via motor pudendal nerve. Results in rhythmic contraction of ischiocavernosus, bulbospongiosus",motor pudendal nerve INNERVATES ischiocavernosus AND bulbospongiosus,,,milliseconds,motor pudendal nerve,pudendal nerve,UBERON:0011390,,,,,,,,,,,,,,,,,,,,,,,,,,,,,,,,,,,,,,,,reproduction,,,,,,,,,,,,,,,,"Medical Physiology, 3rd Edition (2017)",ISBN: 9781455743773,54,,,,,,,,,
male reproductive system,reproductive process,GO:0022414,ejaculation,sperm ejaculation,GO:0042713,ischiocavernosus contraction,,,,,,,,,,,,,,,,,,,motor pudendal nerve outflow results in rhythmic contraction of ischiocavernosus,,IF (motor pudendal outflow = TRUE) -> INCREASE ischiocavernosus contraction,,seconds,ischiocavernosus,ischiocavernosus muscle,UBERON:0001339,,,,,,,,,,,,,,,,,,,,,,,,,,,,,,,,,,,,,,,,reproduction,,,,,,,,,,,,,,,,"Medical Physiology, 3rd Edition (2017)",ISBN: 9781455743773,54,,,,,,,,,
male reproductive system,reproductive process,GO:0022414,ejaculation,sperm ejaculation,GO:0042713,bulbospongiosus contraction,,,,,,,,,,,,,,,,,,,motor pudendal nerve outflow results in rhythmic contraction of bulbospongiosus,,IF (motor pudendal outflow = TRUE) -> INCREASE bulbospongiosus contraction,,seconds,bulbospongiosus,male bulbospongiosus muscle,UBERON:0011388,,,,,,,,,,,,,,,,,,,,,,,,,,,,,,,,,,,,,,,,reproduction,,,,,,,,,,,,,,,,"Medical Physiology, 3rd Edition (2017)",ISBN: 9781455743773,54,,,,,,,,,
male reproductive system,reproductive process,GO:0022414,ejaculation,sperm ejaculation,GO:0042713,emission of semen from penile urethra,,,,,,,,,,,,,,,,,,,semen leaves penile urethra through urethral meatus,semen MOVES FROM penile urethra TO urethral meatus,IF (bulbospongiosus contraction = TRUE AND ischiocavernosus contraction = TRUE) -> INCREASE semen emission,,seconds,penile urethra,male urethra,UBERON:0001333,urethral meatus,male urethral meatus,UBERON:0012241,,,,,,,,,,,,,,,,,,,,,,,,,,,,,,,,,,,,,reproduction,,,,,,,,,,,,,,,,"Medical Physiology, 3rd Edition (2017)",ISBN: 9781455743773,54,,,,,,,,,