Whole Person Physiome Table for Female Reproductive System,,,,,,,,,,,,,,,,,,,,,,,,,,,,,,,,,,,,,,,,,,,,,,,,,,,,,,,,,,,,,,,,,,,,,,,,,,,,,,,,,,,
,,,,,,,,,,,,,,,,,,,,,,,,,,,,,,,,,,,,,,,,,,,,,,,,,,,,,,,,,,,,,,,,,,,,,,,,,,,,,,,,,,,
Author Name(s):,Jacob C. Scherba,,,,,,,,,,,,,,,,,,,,,,,,,,,,,,,,,,,,,,,,,,,,,,,,,,,,,,,,,,,,,,,,,,,,,,,,,,,,,,,,,,
Author ORCID(s):,0000-0001-8187-0507,,,,,,,,,,,,,,,,,,,,,,,,,,,,,,,,,,,,,,,,,,,,,,,,,,,,,,,,,,,,,,,,,,,,,,,,,,,,,,,,,,
Reviewer Name(s):,Kathleen O'Neill,,,,,,,,,,,,,,,,,,,,,,,,,,,,,,,,,,,,,,,,,,,,,,,,,,,,,,,,,,,,,,,,,,,,,,,,,,,,,,,,,,
Reviewer ORCID(s):,0000-0003-1980-6840,,,,,,,,,,,,,,,,,,,,,,,,,,,,,,,,,,,,,,,,,,,,,,,,,,,,,,,,,,,,,,,,,,,,,,,,,,,,,,,,,,
General Publication(s):,,,,,,,,,,,,,,,,,,,,,,,,,,,,,,,,,,,,,,,,,,,,,,,,,,,,,,,,,,,,,,,,,,,,,,,,,,,,,,,,,,,
Data DOI:,,,,,,,,,,,,,,,,,,,,,,,,,,,,,,,,,,,,,,,,,,,,,,,,,,,,,,,,,,,,,,,,,,,,,,,,,,,,,,,,,,,
Date:,10/2/2025,,,,,,,,,,,,,,,,,,,,,,,,,,,,,,,,,,,,,,,,,,,,,,,,,,,,,,,,,,,,,,,,,,,,,,,,,,,,,,,,,,
Version Number:,v1.0,,,,,,,,,,,,,,,,,,,,,,,,,,,,,,,,,,,,,,,,,,,,,,,,,,,,,,,,,,,,,,,,,,,,,,,,,,,,,,,,,,
"List physiological functions as a hierarchy, starting with the body system in Function/1 (this should be the same as the table name), a major life function in Function/2, and more specific functions in subsequent columns. Add more columns if needed. Place limited explanatory text if needed in Function/Notes. Each function should include a ID from Gene Ontology (GO) if possible or another standard ontology. The LABEL column is the label for that ID as it appears in that ontology.",,,,,,,,,,,,,,,,,,,,,,,,,"Provide a very brief description (a few words) of the specific processes that occur during the corresponding function (e.g., a chemical reaction, physical change, feedback loop, etc.) in the Process column. Enter whether the Effector is a cell, tissue, or organ. Provide the anatomical location of the Effector in EffectorLocation along with the associated UBERON ID, if avaialble. Enter the Effector and its UBERON ID in the following columns. See Glossary for detailed instructions on tabulating the Signal, Effect, Behavior, Behavior X, Behavior Y, and X Target columns.",,,,,,,,,,,,,,,Enter notes here from primary texts on quantitative information available for the processes denoted to the left,"Indicate the time scale category for this process: milliseconds, seconds, minutes, hours, days, weeks, years.","Indicate the signal scale category for this process: autocrine, paracrine, intra-organ, circulatory, systemic","Indicate the signal scale category for this process: autocrine, paracrine, intra-organ, circulatory, systemic","OPTIONAL FOR NOW. List clinical measures, such as laboratory tests, vital signs, or radiology studies, related to the physiological function. These columns are simple lists and are NOT hierarchical. Include an ID for the measurement, such as a LOINC code, if known. Add more columns if needed.",,,,,,,,,,,,"OPTIONAL FOR NOW. List other interacting physiological functions. These columns are simple lists and NOT hierarchical. Add more columns if needed. For the LABEL and ID columns, use Gene Ontology (GO) if possible.",,,,,,,,,,,,"DO NOT FILL THIS OUT YET. These columns will list body states or conditions that change the physiological process. (e.g., ""fed"", ""fasted"")",,"DO NOT FILL THIS OUT YET. These columns will indicate the changes that occur during the corresponding body states. (e.g., ""increase"", ""decrease"")",,"REQUIRED. Enter references in support of the information on this row. The ID column should include a standard identifier, such as a DOI or ISBN. The optional CHAPTER column should be used to list the relevant chapters in a book. The optional NOTES column can be used to clarify which part of the row the reference is for, such as a reference about the anatomical structures involved in the function rather than the interactions. Add more sets of reference columns if needed, making sure to include the ID column.",,,,,,,,,,,
Function/1,Function/1/LABEL,Function/1/ID,Function/2,Function/2/LABEL,Function/2/ID,Function/3,Function/3/LABEL,Function/3/ID,Function/4,Function/4/LABEL,Function/4/ID,Function/5,Function/5/LABEL,Function/5/ID,Function/6,Function/6/LABEL,Function/6/ID,Function/7,Function/7/LABEL,Function/7/ID,Function/8,Function/8/LABEL,Function/8/ID,Function/Notes,Process,EffectorScale,EffectorLocation,EffectorLocation/LABEL,EffectorLocation/ID,Effector,Effector/LABEL,Effector/ID,Signal,Effect,Behavior,Behavior X,Behavior Y,Behavior Z,X Target,QuantitativeNotes,TimeScale,SignalScale,EffectScale,ClinicalMeasure/1,ClinicalMeasure/1/LABEL,ClinicalMeasure/1/ID,ClinicalMeasure/2,ClinicalMeasure/2/LABEL,ClinicalMeasure/2/ID,ClinicalMeasure/3,ClinicalMeasure/3/LABEL,ClinicalMeasure/3/ID,ClinicalMeasure/4,ClinicalMeasure/4/LABEL,ClinicalMeasure/4/ID,Interaction/1,Interaction/1/LABEL,Interaction/1/ID,Interaction/2,Interaction/2/LABEL,Interaction/2/ID,Interaction/3,Interaction/3/LABEL,Interaction/3/ID,Interaction/4,Interaction/4/LABEL,Interaction/4/ID,State/1,State/2,Regulation/1,Regulation/2,REF/1,REF/1/ID,REF/1/CHAPTER,REF/1/NOTES,REF/2,REF/2/ID,REF/2/CHAPTER,REF/2/NOTES,REF/3,REF/3/ID,REF/3/CHAPTER,REF/3/NOTES
female reproductive system,reproductive process,GO:0022414,growth and development,developmental growth,GO:0048589,sexual development,development of primary sexual characteristics ,GO:0045137,androgen production,androgen secretion,GO:0035935,DHEA production,dehydroepiandrosterone secretion,GO:0035942,,,,,,,,,,,DHEA is a testosterone and estrogen precursor; elevated in adrenarche,tissue,cortex,adrenal cortex,UBERON:0001235,zona reticularis,zona reticularis of adrenal gland,UBERON:0002055,,does,X secretion,DHEA,,,,,hours,,circulatory,plasma DHEA,,2193-1,,,,,,,,,,hpa axis,,,,,,,,,,,,,,,,"Endocrine Physiology, 6th Edition (2023)",ISBN: 9781264278459,6,,,,,,,,,
female reproductive system,reproductive process,GO:0022414,growth and development,developmental growth,GO:0048589,sexual development,development of secondary sexual characteristics ,GO:0045136,androgen production,androgen secretion,GO:0035935,DHEA production,dehydroepiandrosterone secretion,GO:0035942,,,,,,,,,,,,tissue,cortex,adrenal cortex,UBERON:0001235,zona reticularis,zona reticularis of adrenal gland,UBERON:0002055,adrenarche status,increases,X secretion,DHEA,,,,,hours,systemic,circulatory,plasma DHEA,,2193-1,,,,,,,,,,hpa axis,,,,,,,,,,,,,,,,"Endocrine Physiology, 6th Edition (2023)",ISBN: 9781264278459,6,,,,,,,,,
female reproductive system,reproductive process,GO:0022414,luteinizing hormone releasing hormone production,gonadotropin hormone-releasing hormone activity,GO:0005183,,,,,,,,,,,,,,,,,,,,GnRH stimulates LH and FSH release from the anterior pituitary,cell,paraventricular nucleus,paraventricular nucleus of hypothalamus,UBERON:0001930,parvocellular neurons,parvocellular neurosecretory cell,CL:1001505,,does,X secretion,gonadotropin releasing hormone,,,,"release of GnRH is sinusoidal, with period of 60-90 minutes",minutes,,circulatory,,,,,,,,,,,,,,,,,,,,,,,,,,,,,"Endocrine Physiology, 6th Edition (2023)",ISBN: 9781264278459,2,,,,,,,,,
female reproductive system,reproductive process,GO:0022414,luteinizing hormone releasing hormone production,gonadotropin hormone-releasing hormone activity,GO:0005183,,,,,,,,,,,,,,,,,,,,,organ,pituitary gland,pituitary gland,UBERON:0000007,anterior pituitary,adenohypophysis,UBERON:0002196,,does,X secretion,luteinizing hormone,,,,"LH levels also sinusoidal, go from 10 to 40mU/mL in response to pulsatile GnRH; LH dual exponential half life of 40 minutes and 120 minutes in circulation",minutes,,circulatory,,,,,,,,,,,,,,,,,,,,,,,,,,,,,"Endocrine Physiology, 6th Edition (2023)",ISBN: 9781264278459,2,,,,,,,,,
female reproductive system,reproductive process,GO:0022414,luteinizing hormone releasing hormone production,gonadotropin hormone-releasing hormone activity,GO:0005183,,,,,,,,,,,,,,,,,,,,,organ,pituitary gland,pituitary gland,UBERON:0000007,anterior pituitary,adenohypophysis,UBERON:0002196,"gonadotropin releasing hormone, sinusoidal",increases,X secretion,luteinizing hormone,,,,"LH levels also sinusoidal, go from 10 to 40mU/mL in response to pulsatile GnRH; LH dual exponential half life of 40 minutes and 120 minutes in circulation",minutes,circulatory,circulatory,,,,,,,,,,,,,,,,,,,,,,,,,,,,,"Endocrine Physiology, 6th Edition (2023)",ISBN: 9781264278459,2,,,,,,,,,
female reproductive system,reproductive process,GO:0022414,luteinizing hormone releasing hormone release,gonadotropin hormone-releasing hormone activity,GO:0005183,,,,,,,,,,,,,,,,,,,,,organ,pituitary gland,pituitary gland,UBERON:0000007,anterior pituitary,adenohypophysis,UBERON:0002196,,does,X secretion,follicle stimulating hormone,,,,,seconds,,circulatory,,,,,,,,,,,,,luteinizing hormone release,,,,,,,,,,,,,,,,"Endocrine Physiology, 6th Edition (2023)",ISBN: 9781264278459,2,,,,,,,,,
female reproductive system,reproductive process,GO:0022414,luteinizing hormone releasing hormone release,gonadotropin hormone-releasing hormone activity,GO:0005183,,,,,,,,,,,,,,,,,,,,,organ,pituitary gland,pituitary gland,UBERON:0000007,anterior pituitary,adenohypophysis,UBERON:0002196,"gonadotropin releasing hormone, sinusoidal",increases,X secretion,follicle stimulating hormone,,,,,seconds,circulatory,circulatory,,,,,,,,,,,,,luteinizing hormone release,,,,,,,,,,,,,,,,"Endocrine Physiology, 6th Edition (2023)",ISBN: 9781264278459,2,,,,,,,,,
female reproductive system,reproductive process,GO:0022414,luteinizing hormone releasing hormone release,gonadotropin hormone-releasing hormone activity,GO:0005183,,,,,,,,,,,,,,,,,,,,,organ,pituitary gland,pituitary gland,UBERON:0000007,anterior pituitary,adenohypophysis,UBERON:0002196,"gonadotropin releasing hormone, continuous",decreases,X secretion,luteinizing hormone,,,,,"seconds, minutes",circulatory,circulatory,,,,,,,,,,,,,,,,,,,,,,,,,,,,,"Endocrine Physiology, 6th Edition (2023)",ISBN: 9781264278459,2,,,,,,,,,
female reproductive system,reproductive process,GO:0022414,luteinizing hormone releasing hormone release,gonadotropin hormone-releasing hormone activity,GO:0005183,,,,,,,,,,,,,,,,,,,,,organ,pituitary gland,pituitary gland,UBERON:0000007,anterior pituitary,adenohypophysis,UBERON:0002196,"gonadotropin releasing hormone, continuous",decreases,X secretion,follicle stimulating hormone,,,,,"seconds, minutes",circulatory,circulatory,,,,,,,,,,,,,,,,,,,,,,,,,,,,,"Endocrine Physiology, 6th Edition (2023)",ISBN: 9781264278459,2,,,,,,,,,
female reproductive system,reproductive process,GO:0022414,luteinizing hormone production,luteinizing hormone secretion,GO:0032275,,,,,,,,,,,,,,,,,,,,LH triggers ovulation in females and testosterone production in males,organ,female reproductive system,female reproductive system,UBERON:0000474,ovary,ovary,UBERON:0000992,peak luteinizing hormone,increases,transition to state X,luteal phase,,,,"peak LH = 75 mU/mL, triggers oocyte release from the ovarian follicle",minutes,circulatory,systemic,,,,,,,,,,,,,,,,,,,,,,,,,,,,,"Endocrine Physiology, 6th Edition (2023)",ISBN: 9781264278459,2,,,,,,,,,
female reproductive system,reproductive process,GO:0022414,luteinizing hormone production,luteinizing hormone secretion,GO:0032275,,,,,,,,,,,,,,,,,,,,,organ,ovary,ovary,UBERON:0000992,ovarian follicle,ovarian follicle ,UBERON:0001305,,does,X export,oocyte,,,,,"seconds, minutes",,autocrine,,,,,,,,,,,,,,,,,,,,,,,,,,,,,"Endocrine Physiology, 6th Edition (2023)",ISBN: 9781264278459,2,,,,,,,,,
female reproductive system,reproductive process,GO:0022414,luteinizing hormone production,luteinizing hormone secretion,GO:0032275,,,,,,,,,,,,,,,,,,,,,organ,ovary,ovary,UBERON:0000992,ovarian follicle,ovarian follicle ,UBERON:0001305,luteal phase,increases,X export,oocyte,,,,,"seconds, minutes",systemic,autocrine,,,,,,,,,,,,,,,,,,,,,,,,,,,,,"Endocrine Physiology, 6th Edition (2023)",ISBN: 9781264278459,2,,,,,,,,,
female reproductive system,reproductive process,GO:0022414,development of secondary female sexual characteristics,development of secondary female sexual characteristics,GO:0046543,breast tissue development,mammary gland epithelium development,GO:0061180,prolactin release,prolactin secretion,GO:0070459,,,,,,,,,,,,,,prolactin promotes breast tissue development and lactation,organ,pituitary gland,pituitary gland,UBERON:0000007,anterior pituitary,adenohypophysis,UBERON:0002196,,does,X secretion,prolactin,,,,,minutes,,circulatory,plasma prolactin,,2842-3,,,,,,,,,,breastmilk production,,,pregnancy,,,,,,,,,,,,,"Endocrine Physiology, 6th Edition (2023)",ISBN: 9781264278459,2,,,,,,,,,
female reproductive system,reproductive process,GO:0022414,development of secondary female sexual characteristics,development of secondary female sexual characteristics,GO:0046543,breast tissue development,mammary gland epithelium development,GO:0061180,prolactin release,prolactin secretion,GO:0070459,,,,,,,,,,,,,,,tissue,breast,breast,UBERON:0000310,breast stroma,mammary gland connective tissue,UBERON:0003584,,does ,transition to state X,hypertrophic growth (volume increase),,,,,minutes,,autocrine,plasma prolactin,,2842-3,,,,,,,,,,breastmilk production,,,pregnancy,,,,,,,,,,,,,"Endocrine Physiology, 6th Edition (2023)",ISBN: 9781264278459,2,,,,,,,,,
female reproductive system,reproductive process,GO:0022414,development of secondary female sexual characteristics,development of secondary female sexual characteristics,GO:0046543,breast tissue development,mammary gland epithelium development,GO:0061180,prolactin release,prolactin secretion,GO:0070459,,,,,,,,,,,,,,,tissue,breast,breast,UBERON:0000310,breast stroma,mammary gland connective tissue,UBERON:0003584,prolactin,increases,transition to state X,hypertrophic growth (volume increase),,,,,minutes,circulatory,autocrine,plasma prolactin,,2842-3,,,,,,,,,,breastmilk production,,,pregnancy,,,,,,,,,,,,,"Endocrine Physiology, 6th Edition (2023)",ISBN: 9781264278459,2,,,,,,,,,
female reproductive system,reproductive process,GO:0022414,development of secondary female sexual characteristics,development of secondary female sexual characteristics,GO:0046543,breast tissue development,mammary gland epithelium development,GO:0061180,prolactin release,prolactin secretion,GO:0070459,,,,,,,,,,,,,,,tissue,breast,breast,UBERON:0000310,mammary gland,mammary gland,UBERON:0001911,,does ,transition to state X,hyperplastic growth (number increase),,,,,minutes,,autocrine,plasma prolactin,,2842-3,,,,,,,,,,breastmilk production,,,pregnancy,,,,,,,,,,,,,"Endocrine Physiology, 6th Edition (2023)",ISBN: 9781264278459,2,,,,,,,,,
female reproductive system,reproductive process,GO:0022414,development of secondary female sexual characteristics,development of secondary female sexual characteristics,GO:0046543,breast tissue development,mammary gland epithelium development,GO:0061180,prolactin release,prolactin secretion,GO:0070459,,,,,,,,,,,,,,,tissue,breast,breast,UBERON:0000310,mammary gland,mammary gland,UBERON:0001911,prolactin,increases,transition to state X,hyperplastic growth (number increase),,,,,minutes,circulatory,autocrine,plasma prolactin,,2842-3,,,,,,,,,,breastmilk production,,,pregnancy,,,,,,,,,,,,,"Endocrine Physiology, 6th Edition (2023)",ISBN: 9781264278459,2,,,,,,,,,
female reproductive system,reproductive process,GO:0022414,estradiol synthesis,estradiol secretion,GO:0035938,,,,,,,,,,,,,,,,,,,,"FSH promotes secondary sexual characteristics, regulates menstrual cycle, promotes endometrial proliferation and hyperplasia",cell,ovarian follicle,ovarian follicle,UBERON:0001305,granulosa cell,granulosa cell,CL:0000501,,does,X secretion,estradiol,,,,,minutes,,circulatory,plasma estradiol,,24414-5,,,,,,,,,,menstruation and ovulation,,,pregnancy,,,,,,,,,,,,,"Endocrine Physiology, 6th Edition (2023)",ISBN: 9781264278459,9,,,,,,,,,
female reproductive system,reproductive process,GO:0022414,estradiol synthesis,estradiol secretion,GO:0035938,,,,,,,,,,,,,,,,,,,,,cell,ovarian follicle,ovarian follicle,UBERON:0001305,granulosa cell,granulosa cell,CL:0000501,follicle stimulating hormone,increases,X secretion,estradiol,,,,,"minutes, hours, days",circulatory,circulatory,plasma estradiol,,24414-5,,,,,,,,,,menstruation and ovulation,,,pregnancy,,,,,,,,,,,,,"Endocrine Physiology, 6th Edition (2023)",ISBN: 9781264278459,9,,,,,,,,,
female reproductive system,reproductive process,GO:0022414,estradiol synthesis,estradiol secretion,GO:0035938,,,,,,,,,,,,,,,,,,,,,tissue,breast,breast,UBERON:0000310,breast stroma,mammary gland connective tissue,UBERON:0003584,estradiol,increases,transition to state X,hyperplastic growth (volume increase),,,,,hours,circulatory,autocrine,plasma estradiol,,24414-5,,,,,,,,,,menstruation and ovulation,,,pregnancy,,,,,,,,,,,,,"Endocrine Physiology, 6th Edition (2023)",ISBN: 9781264278459,9,,,,,,,,,
female reproductive system,reproductive process,GO:0022414,estradiol synthesis,estradiol secretion,GO:0035938,,,,,,,,,,,,,,,,,,,,,tissue,uterus,uterus,UBERON: 0000995,endometrium,endometrium,UBERON:0001295,,does ,transition to state X,hyperplastic growth (volume increase),,,,,hours,,autocrine,plasma estradiol,,24414-5,,,,,,,,,,menstruation and ovulation,,,pregnancy,,,,,,,,,,,,,"Endocrine Physiology, 6th Edition (2023)",ISBN: 9781264278459,9,,,,,,,,,
female reproductive system,reproductive process,GO:0022414,estradiol synthesis,estradiol secretion,GO:0035938,,,,,,,,,,,,,,,,,,,,,tissue,uterus,uterus,UBERON: 0000995,endometrium,endometrium,UBERON:0001295,estradiol,increases,transition to state X,hyperplastic growth (volume increase),,,,,hours,circulatory,autocrine,plasma estradiol,,24414-5,,,,,,,,,,menstruation and ovulation,,,pregnancy,,,,,,,,,,,,,"Endocrine Physiology, 6th Edition (2023)",ISBN: 9781264278459,9,,,,,,,,,
female reproductive system,reproductive process,GO:0022414,estradiol synthesis,estradiol secretion,GO:0035938,,,,,,,,,,,,,,,,,,,,,organ,pituitary gland,pituitary gland,UBERON:0000007,anterior pituitary,adenohypophysis,UBERON:0002196,estradiol,decreases,X secretion,luteinizing hormone,,,,,hours,circulatory,circulatory,plasma estradiol,,24414-5,,,,,,,,,,menstruation and ovulation,,,pregnancy,,,,,,,,,,,,,"Endocrine Physiology, 6th Edition (2023)",ISBN: 9781264278459,9,,,,,,,,,
female reproductive system,reproductive process,GO:0022414,estradiol synthesis,estradiol secretion,GO:0035938,,,,,,,,,,,,,,,,,,,,,organ,pituitary gland,pituitary gland,UBERON:0000007,anterior pituitary,adenohypophysis,UBERON:0002196,estradiol,decreases,X secretion,follicle stimulating hormone,,,,,hours,circulatory,circulatory,plasma estradiol,,24414-5,,,,,,,,,,menstruation and ovulation,,,pregnancy,,,,,,,,,,,,,"Endocrine Physiology, 6th Edition (2023)",ISBN: 9781264278459,9,,,,,,,,,
female reproductive system,reproductive process,GO:0022414,estradiol synthesis,estradiol secretion,GO:0035938,,,,,,,,,,,,,,,,,,,,,tissue,ovary,ovary,UBERON:0000992,ovarian follicle,ovarian follicle ,UBERON:0001305,peak estradiol,increases,X export,oocyte,,,,peak estradiol = 800pg/mL,"seconds, minutes",systemic,autocrine,plasma estradiol,,24414-5,,,,,,,,,,menstruation and ovulation,,,pregnancy,,,,,,,,,,,,,"Endocrine Physiology, 6th Edition (2023)",ISBN: 9781264278459,9,,,,,,,,,
female reproductive system,reproductive process,GO:0022414,estradiol synthesis,estradiol secretion,GO:0035938,,,,,,,,,,,,,,,,,,,,,organ,female reproductive system,female reproductive system,UBERON:0000474,ovary,ovary,UBERON:0000992,peak estradiol,increases,transition to state X,luteal phase,,,,,hours,circulatory,systemic,plasma estradiol,,24414-5,,,,,,,,,,menstruation and ovulation,,,pregnancy,,,,,,,,,,,,,"Endocrine Physiology, 6th Edition (2023)",ISBN: 9781264278459,9,,,,,,,,,
female reproductive system,reproductive process,GO:0022414,progesterone production,progesterone secretion,GO:0042701,,,,,,,,,,,,,,,,,,,,progesterone promotes endometrial proliferation and maturation for implantation; inhibits uterine contraction,cell,corpus luteum,corpus luteum,UBERON:0002512,luteal cell,luteal cell,CL:0000175,,does,X secretion,progesterone,,,,,hours,,circulatory,plasma progesterone,,2839-9,,,,,,,,,,menstruation and ovulation,,,bone remodeling,,,pregnancy,,,,,,,,,,"Endocrine Physiology, 6th Edition (2023)",ISBN: 9781264278459,9,,,,,,,,,
female reproductive system,reproductive process,GO:0022414,progesterone production,progesterone secretion,GO:0042701,,,,,,,,,,,,,,,,,,,,,tissue,uterus,uterus,UBERON: 0000995,endometrium,endometrium,UBERON:0001295,,does ,transition to state X,maturation,,,,,hours,,autocrine,plasma progesterone,,2839-9,,,,,,,,,,menstruation and ovulation,,,bone remodeling,,,pregnancy,,,,,,,,,,"Endocrine Physiology, 6th Edition (2023)",ISBN: 9781264278459,9,,,,,,,,,
female reproductive system,reproductive process,GO:0022414,progesterone production,progesterone secretion,GO:0042701,,,,,,,,,,,,,,,,,,,,,tissue,uterus,uterus,UBERON: 0000995,endometrium,endometrium,UBERON:0001295,progesterone,increases,transition to state X,maturation,,,,,hours,circulatory,autocrine,plasma progesterone,,2839-9,,,,,,,,,,menstruation and ovulation,,,bone remodeling,,,pregnancy,,,,,,,,,,"Endocrine Physiology, 6th Edition (2023)",ISBN: 9781264278459,9,,,,,,,,,
female reproductive system,reproductive process,GO:0022414,progesterone production,progesterone secretion,GO:0042701,,,,,,,,,,,,,,,,,,,,,organ,pituitary gland,pituitary gland,UBERON:0000007,anterior pituitary,adenohypophysis,UBERON:0002196,progesterone,decreases,X secretion,luteinizing hormone,,,,,hours,circulatory,circulatory,plasma progesterone,,2839-9,,,,,,,,,,menstruation and ovulation,,,bone remodeling,,,pregnancy,,,,,,,,,,"Endocrine Physiology, 6th Edition (2023)",ISBN: 9781264278459,9,,,,,,,,,
female reproductive system,reproductive process,GO:0022414,progesterone production,progesterone secretion,GO:0042701,,,,,,,,,,,,,,,,,,,,,organ,pituitary gland,pituitary gland,UBERON:0000007,anterior pituitary,adenohypophysis,UBERON:0002196,progesterone,decreases,X secretion,follicle stimulating hormone,,,,,hours,circulatory,circulatory,plasma progesterone,,2839-9,,,,,,,,,,menstruation and ovulation,,,bone remodeling,,,pregnancy,,,,,,,,,,"Endocrine Physiology, 6th Edition (2023)",ISBN: 9781264278459,9,,,,,,,,,
female reproductive system,reproductive process,GO:0022414,progesterone production,progesterone secretion,GO:0042701,,,,,,,,,,,,,,,,,,,,,tissue,uterus,uterus,UBERON: 0000995,myometrium,myometrium,UBERON:0001296,,does,contraction,,,,,,"seconds, minutes",,autocrine,plasma progesterone,,2839-9,,,,,,,,,,menstruation and ovulation,,,bone remodeling,,,pregnancy,,,,,,,,,,"Endocrine Physiology, 6th Edition (2023)",ISBN: 9781264278459,9,,,,,,,,,
female reproductive system,reproductive process,GO:0022414,progesterone production,progesterone secretion,GO:0042701,,,,,,,,,,,,,,,,,,,,,tissue,uterus,uterus,UBERON: 0000995,myometrium,myometrium,UBERON:0001296,progesterone,increases,contraction X,force,,,,,"seconds, minutes",circulatory,autocrine,plasma progesterone,,2839-9,,,,,,,,,,menstruation and ovulation,,,bone remodeling,,,pregnancy,,,,,,,,,,"Endocrine Physiology, 6th Edition (2023)",ISBN: 9781264278459,9,,,,,,,,,
female reproductive system,reproductive process,GO:0022414,progesterone production,progesterone secretion,GO:0042701,,,,,,,,,,,,,,,,,,,,,tissue,uterus,uterus,UBERON: 0000995,myometrium,myometrium,UBERON:0001296,progesterone,increases,contraction X,frequency,,,,,"seconds, minutes",circulatory,autocrine,plasma progesterone,,2839-9,,,,,,,,,,menstruation and ovulation,,,bone remodeling,,,pregnancy,,,,,,,,,,"Endocrine Physiology, 6th Edition (2023)",ISBN: 9781264278459,9,,,,,,,,,
female reproductive system,reproductive process,GO:0022414,inhibin production,inhibin secretion,GO:0032334,,,,,,,,,,,,,,,,,,,,selectively inhibits FSH release from the anterior pituitary,cell,ovarian follicle,ovarian follicle,UBERON:0001305,granulosa cell,granulosa cell,CL:0000501,,does,X secretion,inhibin,,,,,minutes,,circulatory,plasma inhibin A,,23883-2,,,,,,,,,,inhibition of FSH,,,menstruation and ovulation,,,pituitary gland feedback,,,,,,,,,,"Endocrine Physiology, 6th Edition (2023)",ISBN: 9781264278459,9,,,,,,,,,
female reproductive system,reproductive process,GO:0022414,inhibin production,inhibin secretion,GO:0032334,,,,,,,,,,,,,,,,,,,,,organ,pituitary gland,pituitary gland,UBERON:0000007,anterior pituitary,adenohypophysis,UBERON:0002196,inhibin,decreases,X secretion,follicle stimulating hormone,,,,,hours,circulatory,circulatory,plasma inhibin A,,23883-2,,,,,,,,,,inhibition of FSH,,,menstruation and ovulation,,,pituitary gland feedback,,,,,,,,,,"Endocrine Physiology, 6th Edition (2023)",ISBN: 9781264278459,9,,,,,,,,,
female reproductive system,reproductive process,GO:0022414,activin production,activin secretion,GO:0032333,,,,,,,,,,,,,,,,,,,,stimulates FSH release and promotes ovarian follicular development,cell,ovarian follicle,ovarian follicle,UBERON:0001305,granulosa cell,granulosa cell,CL:0000501,,does,X secretion,activin,,,,,minutes,,circulatory,,,,,,,,,,,,,granulosa cell autocrine signaling,,,FSH receptor upregulation,,,,,,,,,,,,,"Endocrine Physiology, 6th Edition (2023)",ISBN: 9781264278459,9,,,,,,,,,
female reproductive system,reproductive process,GO:0022414,activin production,activin secretion,GO:0032333,,,,,,,,,,,,,,,,,,,,,organ,pituitary gland,pituitary gland,UBERON:0000007,anterior pituitary,adenohypophysis,UBERON:0002196,activin,increases,X secretion,follicle stimulating hormone,,,,,hours,circulatory,circulatory,,,,,,,,,,,,,granulosa cell autocrine signaling,,,FSH receptor upregulation,,,,,,,,,,,,,"Endocrine Physiology, 6th Edition (2023)",ISBN: 9781264278459,9,,,,,,,,,
female reproductive system,reproductive process,GO:0022414,activin production,activin secretion,GO:0032333,,,,,,,,,,,,,,,,,,,,,tissue,ovary,ovary,UBERON:0000992,ovarian follicle,ovarian follicle ,UBERON:0001305,,does,transition to state X,maturation,,,,,hours,,autocrine,,,,,,,,,,,,,granulosa cell autocrine signaling,,,FSH receptor upregulation,,,,,,,,,,,,,"Endocrine Physiology, 6th Edition (2023)",ISBN: 9781264278459,9,,,,,,,,,
female reproductive system,reproductive process,GO:0022414,activin production,activin secretion,GO:0032333,,,,,,,,,,,,,,,,,,,,,tissue,ovary,ovary,UBERON:0000992,ovarian follicle,ovarian follicle ,UBERON:0001305,activin,increases,transition to state X,maturation,,,,,hours,circulatory,autocrine,,,,,,,,,,,,,granulosa cell autocrine signaling,,,FSH receptor upregulation,,,,,,,,,,,,,"Endocrine Physiology, 6th Edition (2023)",ISBN: 9781264278459,9,,,,,,,,,
female reproductive system,reproductive process,GO:0022414,androgen production,androgen secretion,GO:0035935,androstenedione production,androstenedione secretion,GO:0035941,,,,,,,,,,,,,,,,,serves as a precursor to estrogen in granulosa cells,cell,ovarian follicle,ovarian follicle,UBERON:0001305,thecal cell,luteal cell,CL:0000175,,does,X secretion,androstenedione,,,"[30, 200]",units = ng/dL,minutes,,circulatory,plasma androstenedione,,1854-9,,,,,,,,,,estradiol synthesis,,,menstruation and ovulation,,,,,,,,,,,,,"Endocrine Physiology, 6th Edition (2023)",ISBN: 9781264278459,9,,,,,,,,,
female reproductive system,reproductive process,GO:0022414,androgen production,androgen secretion,GO:0035935,androstenedione production,androstenedione secretion,GO:0035941,,,,,,,,,,,,,,,,,serves as a precursor to estrogen,tissue,medulla,adrenal medulla,UBERON:0001236,zona reticularis,zona reticularis of adrenal gland,UBERON:0002055,,does,X secretion,androstenedione,,,"[30, 200]",units = ng/dL,minutes,,circulatory,plasma androstenedione,,1854-9,,,,,,,,,,estradiol synthesis,,,menstruation and ovulation,,,,,,,,,,,,,"Endocrine Physiology, 6th Edition (2023)",ISBN: 9781264278459,9,,,,,,,,,
female reproductive system,reproductive process,GO:0022414,androgen production,androgen secretion,GO:0035935,peripheral aromatization,,,,,,,,,,,,,,,,,,,converts androstenedione and testosterone to estrogen,cell,white adipose tissue,white adipose tissue,UBERON:0001347,adipocytes,white adipocyte,CL:0000448,,does,X conversion to Y,androstenedione ,estrogen,,,,hours,,circulatory,,,,,,,,,,,,,,,,,,,,,,,,,,,,,"Endocrine Physiology, 6th Edition (2023)",ISBN: 9781264278459,9,,,,,,,,,
female reproductive system,reproductive process,GO:0022414,androgen production,androgen secretion,GO:0035935,peripheral aromatization,,,,,,,,,,,,,,,,,,,,cell,skeletal muscle,skeletal muscle tissue,UBERON:0001134,skeletal myocytes,skeletal muscle fiber,CL:0008002,,does,X conversion to Y,androstenedione ,estrogen,,,,hours,,circulatory,,,,,,,,,,,,,,,,,,,,,,,,,,,,,"Endocrine Physiology, 6th Edition (2023)",ISBN: 9781264278459,9,,,,,,,,,
female reproductive system,reproductive process,GO:0022414,androgen production,androgen secretion,GO:0035935,peripheral aromatization,,,,,,,,,,,,,,,,,,,,cell,skin,skin of body,UBERON:0002097,dermal fibroblasts,fibroblast of dermis,CL:0002551,,does,X conversion to Y,androstenedione ,estrogen,,,,hours,,circulatory,,,,,,,,,,,,,,,,,,,,,,,,,,,,,"Endocrine Physiology, 6th Edition (2023)",ISBN: 9781264278459,9,,,,,,,,,
female reproductive system,reproductive process,GO:0022414,pregnancy ,female pregnancy,GO:0007565,human chorionic gonadotroph production,,,,,,,,,,,,,,,,,,,beta hCG is produced by the placenta to maintain pregnancy,cell,placenta,placenta,UBERON:0001987,syncitiotrophoblast,placental villous trophoblast,CL:2000060,,does,X secretion,beta human chorionic gonadotropin,,,,,minutes,,circulatory,plama beta hCG,,,,,,,,,,,,pregnancy,,,,,,,,,,,,,,,,"Endocrine Physiology, 6th Edition (2023)",ISBN: 9781264278459,9,,,,,,,,,
female reproductive system,reproductive process,GO:0022414,pregnancy ,female pregnancy,GO:0007565,human chorionic gonadotroph production,,,,,,,,,,,,,,,,,,,,cell,female reproductive system,female reproductive system,UBERON:0000474,placenta,placenta,UBERON:0001987,beta human chorionic gonadotropin,does,maintain state X,pregnancy,,,,,"hours, days, weeks, months",circulatory,systemic,plama beta hCG,,,,,,,,,,,,pregnancy,,,,,,,,,,,,,,,,"Endocrine Physiology, 6th Edition (2023)",ISBN: 9781264278459,9,,,,,,,,,
female reproductive system,reproductive process,GO:0022414,pregnancy ,female pregnancy,GO:0007565,progesterone production,progesterone secretion,GO:0042701,,,,,,,,,,,,,,,,,progesterone is produced by the placenta to maintain pregnancy,cell,placenta,placenta,UBERON:0001987,syncitiotrophoblast,placental villous trophoblast,CL:2000060,,does,X secretion,progesterone,,,,,minutes,,circulatory,plama progesterone,,,,,,,,,,,,pregnancy,,,menstruation,,,,,,,,,,,,,"Endocrine Physiology, 6th Edition (2023)",ISBN: 9781264278459,9,,,,,,,,,
female reproductive system,reproductive process,GO:0022414,pregnancy ,female pregnancy,GO:0007565,progesterone production,progesterone secretion,GO:0042701,,,,,,,,,,,,,,,,,,cell,placenta,placenta,UBERON:0001987,syncitiotrophoblast,placental villous trophoblast,CL:2000060,progesterone,does,maintain state X,pregnancy,,,,,"hours, days, weeks, months",circulatory,systemic,plama progesterone,,,,,,,,,,,,pregnancy,,,menstruation,,,,,,,,,,,,,"Endocrine Physiology, 6th Edition (2023)",ISBN: 9781264278459,9,,,,,,,,,
female reproductive system,reproductive process,GO:0022414,pregnancy ,female pregnancy,GO:0007565,estrogen production,estradiol secretion,GO:0035938,,,,,,,,,,,,,,,,,estrogen is produced by the placenta to maintain pregnancy,cell,placenta,placenta,UBERON:0001987,syncitiotrophoblast,placental villous trophoblast,CL:2000060,,does,X secretion,estrogen,,,,,minutes,,circulatory,plama estrogen,,,,,,,,,,,,pregnancy,,,menstruation,,,,,,,,,,,,,"Endocrine Physiology, 6th Edition (2023)",ISBN: 9781264278459,9,,,,,,,,,
female reproductive system,reproductive process,GO:0022414,pregnancy ,female pregnancy,GO:0007565,estrogen production,estradiol secretion,GO:0035938,,,,,,,,,,,,,,,,,,cell,placenta,placenta,UBERON:0001987,syncitiotrophoblast,placental villous trophoblast,CL:2000060,estrogen,does,maintain state X,pregnancy,,,,,"hours, days, weeks, months",circulatory,systemic,plama estrogen,,,,,,,,,,,,pregnancy,,,menstruation,,,,,,,,,,,,,"Endocrine Physiology, 6th Edition (2023)",ISBN: 9781264278459,9,,,,,,,,,
female reproductive system,reproductive process,GO:0022414,development of secondary female sexual characteristics,development of secondary female sexual characteristics,GO:0046543,thelarche,GO:0042695,,,,,,,,,,,,,,,,,,estrogen and progesterone from the ovaries promote breast development,tisssue,breast,breast,UBERON:0000310,breast stroma,mammary gland connective tissue,UBERON:0003584,progesterone,increases,transition to state X,hypertrophic growth (volume increase),,,,,years,circulatory,intra-organ,,,,,,,,,,,,,puberty,,,,,,,,,,,,,,,,"Medical Physiology, 3rd Edition (2017)",ISBN: 9781455743773,55,,,,,,,,,
female reproductive system,reproductive process,GO:0022414,menstruation coordination,menstrual cycle,GO:0044850,leptin secretion,,,,,,,,,,,,,,,,,,,leptin secretion triggers GnRH secretion to trigger ovulation/signal sufficient nutrition status,cell,white adipose tissue,white adipose tissue,UBERON:0001347,adipocytes,white adipocyte,CL:0000448,,does,X secretion,leptin,,,,,hours,,circulatory,,,,,,,,,,,,,metabolic homeostasis,,,,,,,,,,,,,,,,"Medical Physiology, 3rd Edition (2017)",ISBN: 9781455743773,55,,,,,,,,,
female reproductive system,reproductive process,GO:0022414,menstruation coordination,menstrual cycle,GO:0044850,leptin secretion,,,,,,,,,,,,,,,,,,,,cell,paraventricular nucleus,paraventricular nucleus of hypothalamus,UBERON:0001930,parvocellular neurons,parvocellular neurosecretory cell,CL:1001505,leptin,increases,X secretion,gonadotropin releasing hormone,,,,,hours,circulatory,circulatory,,,,,,,,,,,,,metabolic homeostasis,,,,,,,,,,,,,,,,"Medical Physiology, 3rd Edition (2017)",ISBN: 9781455743773,55,,,,,,,,,
female reproductive system,reproductive process,GO:0022414,menstrual cycle,menstrual cycle,GO:0044850,ovarian cycle,,,follicular phase,ovarian follicle development,GO:0001541,,,,,,,,,,,,,,"in the follicular phase, FSH and LH drive follicle proliferation; follicles produce estradiol, dominant follicle emerges; lasts approximately 14 days",tissue,ovary,ovary,UBERON:0000992,ovarian follicle,ovarian follicle ,UBERON:0001305,follicular phase,increases,transition to state X,proliferation ,,,,,weeks,systemic,intra-organ,,,,,,,,,,,,,,,,,,,,,,,,,,,,,"Medical Physiology, 3rd Edition (2017)",ISBN: 9781455743773,55,,,,,,,,,
female reproductive system,reproductive process,GO:0022414,menstrual cycle,menstrual cycle,GO:0044850,ovarian cycle,,,follicular phase,ovarian follicle development,GO:0001541,,,,,,,,,,,,,,,tissue,ovary,ovary,UBERON:0000992,ovarian follicle,ovarian follicle ,UBERON:0001305,follicle stimulating hormone,increases,proliferation X,rate,,,,,"minutes, hours",circulatory,intra-organ,,,,,,,,,,,,,,,,,,,,,,,,,,,,,"Medical Physiology, 3rd Edition (2017)",ISBN: 9781455743773,55,,,,,,,,,
female reproductive system,reproductive process,GO:0022414,menstrual cycle,menstrual cycle,GO:0044850,ovarian cycle,,,follicular phase,ovarian follicle development,GO:0001541,,,,,,,,,,,,,,,tissue,ovary,ovary,UBERON:0000992,ovarian follicle,ovarian follicle ,UBERON:0001305,luteinizing hormone,increases,proliferation X,rate,,,,,"minutes, hours",circulatory,intra-organ,,,,,,,,,,,,,,,,,,,,,,,,,,,,,"Medical Physiology, 3rd Edition (2017)",ISBN: 9781455743773,55,,,,,,,,,
female reproductive system,reproductive process,GO:0022414,menstrual cycle,menstrual cycle,GO:0044850,ovarian cycle,,,follicular phase,ovarian follicle development,GO:0001541,folliculogenesis,,,,,,,,,,,,,proliferating follicles secrete estradiol; serves to support endometrial proliferation,tissue,ovary,ovary,UBERON:0000992,ovarian follicle,ovarian follicle ,UBERON:0001305,,does,X secretion,estradiol,,,,,"minutes, hours",,circulatory,,,,,,,,,,,,,,,,,,,,,,,,,,,,,"Medical Physiology, 3rd Edition (2017)",ISBN: 9781455743773,55,,,,,,,,,
female reproductive system,reproductive process,GO:0022414,menstrual cycle,menstrual cycle,GO:0044850,ovarian cycle,,,follicular phase,ovarian follicle development,GO:0001541,ovulation,ovulation,GO:0030728,,,,,,,,,,,estradiol at maximal level at end of follicular phase leads to switch from inhibitory to excitatory hypothalamic feedback -> LH surge,organ,pituitary gland,pituitary gland,UBERON:0000007,anterior pituitary,adenohypophysis,UBERON:0002196,peak estradiol,increases,X secretion,luteinizing hormone,,,,"peak LH = 75 mU/mL, triggers oocyte release from the ovarian follicle",hours,circulatory,circulatory,,,,,,,,,,,,,,,,,,,,,,,,,,,,,"Medical Physiology, 3rd Edition (2017)",ISBN: 9781455743773,55,,,,,,,,,
female reproductive system,reproductive process,GO:0022414,menstrual cycle,menstrual cycle,GO:0044850,ovarian cycle,,,follicular phase,ovarian follicle development,GO:0001541,ovulation,ovulation,GO:0030728,,,,,,,,,,,LH surge triggers rupture of dominant follicle and release of its oocyte,tissue,ovary,ovary,UBERON:0000992,ovarian follicle,ovarian follicle ,UBERON:0001305,,does,X export,oocyte,,,,,hours,,intra-organ,,,,,,,,,,,,,,,,,,,,,,,,,,,,,"Medical Physiology, 3rd Edition (2017)",ISBN: 9781455743773,55,,,,,,,,,
female reproductive system,reproductive process,GO:0022414,menstrual cycle,menstrual cycle,GO:0044850,ovarian cycle,,,follicular phase,ovarian follicle development,GO:0001541,ovulation,ovulation,GO:0030728,,,,,,,,,,,,tissue,ovary,ovary,UBERON:0000992,ovarian follicle,ovarian follicle ,UBERON:0001305,peak luteinizing hormone,increases,X export,oocyte,,,,,hours,circulatory,intra-organ,,,,,,,,,,,,,,,,,,,,,,,,,,,,,"Medical Physiology, 3rd Edition (2017)",ISBN: 9781455743773,55,,,,,,,,,
female reproductive system,reproductive process,GO:0022414,menstrual cycle,menstrual cycle,GO:0044850,ovarian cycle,,,luteal phase,luteinization,GO:0001553,,,,,,,,,,,,,,"remnants of ruptured follicle become the corpus luteum, secrete progesterone; supports secretory phase of endometrial cycle",tissue,ovary,ovary,UBERON:0000992,corpus luteum,corpus luteum,UBERON:0002512,,does,X secretion,progesterone,,,,,hours,,circulatory,,,,,,,,,,,,,,,,,,,,,,,,,,,,,"Medical Physiology, 3rd Edition (2017)",ISBN: 9781455743773,55,,,,,,,,,
female reproductive system,reproductive process,GO:0022414,menstrual cycle,menstrual cycle,GO:0044850,ovarian cycle,,,luteal phase,luteinization,GO:0001553,,,,,,,,,,,,,,,tissue,ovary,ovary,UBERON:0000992,corpus luteum,corpus luteum,UBERON:0002512,,does,X secretion,estradiol,,,,,hours,,circulatory,,,,,,,,,,,,,,,,,,,,,,,,,,,,,"Medical Physiology, 3rd Edition (2017)",ISBN: 9781455743773,55,,,,,,,,,
female reproductive system,reproductive process,GO:0022414,menstrual cycle,menstrual cycle,GO:0044850,ovarian cycle,,,luteal phase,luteinization,GO:0001553,,,,,,,,,,,,,,,tissue,uterus,uterus,UBERON: 0000995,endometrium,endometrium,UBERON:0001295,progesterone,increases,transition to state X from Y,endometrial cycle,follicular phase,,,,hours,circulatory,systemic,,,,,,,,,,,,,,,,,,,,,,,,,,,,,"Medical Physiology, 3rd Edition (2017)",ISBN: 9781455743773,55,,,,,,,,,
female reproductive system,reproductive process,GO:0022414,menstrual cycle,menstrual cycle,GO:0044850,ovarian cycle,,,luteal phase,luteinization,GO:0001553,,,,,,,,,,,,,,,tissue,uterus,uterus,UBERON: 0000995,endometrium,endometrium,UBERON:0001295,estradiol,increases,transition to state X from Y,endometrial cycle,follicular phase,,,,hours,circulatory,systemic,,,,,,,,,,,,,,,,,,,,,,,,,,,,,"Medical Physiology, 3rd Edition (2017)",ISBN: 9781455743773,55,,,,,,,,,
female reproductive system,reproductive process,GO:0022414,menstrual cycle,menstrual cycle,GO:0044850,ovarian cycle,,,luteal phase,luteinization,GO:0001553,,,,,,,,,,,,,,,tissue,uterus,uterus,UBERON: 0000995,endometrium,endometrium,UBERON:0001295,progesterone,increases,transition to state X,implantation,,,,,hours,circulatory,systemic,,,,,,,,,,,,,,,,,,,,,,,,,,,,,"Medical Physiology, 3rd Edition (2017)",ISBN: 9781455743773,55,,,,,,,,,
female reproductive system,reproductive process,GO:0022414,menstrual cycle,menstrual cycle,GO:0044850,ovarian cycle,,,luteal phase,luteinization,GO:0001553,,,,,,,,,,,,,,,tissue,uterus,uterus,UBERON: 0000995,endometrium,endometrium,UBERON:0001295,estradiol,increases,transition to state X,implantation,,,,,hours,circulatory,systemic,,,,,,,,,,,,,,,,,,,,,,,,,,,,,"Medical Physiology, 3rd Edition (2017)",ISBN: 9781455743773,55,,,,,,,,,
female reproductive system,reproductive process,GO:0022414,menstrual cycle,menstrual cycle,GO:0044850,ovarian cycle,,,luteal phase,luteinization,GO:0001553,formation of corpus luteum,,,,,,,,,,,,,"if implantation is successful, the placenta produces beta hCG to maintain the corpus luteum",cell,placenta,placenta,UBERON:0001987,syncitiotrophoblast,placental villous trophoblast,CL:2000060,,does ,X secretion,beta human chorionic gonadotropin,,,,,days,,circulatory,,,,,,,,,,,,,,,,,,,,,,,,,,,,,"Medical Physiology, 3rd Edition (2017)",ISBN: 9781455743773,55,,,,,,,,,
female reproductive system,reproductive process,GO:0022414,menstrual cycle,menstrual cycle,GO:0044850,ovarian cycle,,,luteal phase,luteinization,GO:0001553,formation of corpus luteum,,,,,,,,,,,,,,cell,placenta,placenta,UBERON:0001987,syncitiotrophoblast,placental villous trophoblast,CL:2000060,,does ,X secretion,beta human chorionic gonadotropin,,,,,days,,circulatory,,,,,,,,,,,,,,,,,,,,,,,,,,,,,"Medical Physiology, 3rd Edition (2017)",ISBN: 9781455743773,55,,,,,,,,,
female reproductive system,reproductive process,GO:0022414,menstrual cycle,menstrual cycle,GO:0044850,ovarian cycle,,,luteal phase,luteinization,GO:0001553,formation of corpus luteum,,,,,,,,,,,,,,cell,placenta,placenta,UBERON:0001987,syncitiotrophoblast,placental villous trophoblast,CL:2000060,implantation,increases,X secretion,beta human chorionic gonadotropin,,,,,days,systemic,circulatory,,,,,,,,,,,,,,,,,,,,,,,,,,,,,"Medical Physiology, 3rd Edition (2017)",ISBN: 9781455743773,55,,,,,,,,,
female reproductive system,reproductive process,GO:0022414,menstrual cycle,menstrual cycle,GO:0044850,ovarian cycle,,,luteal phase,luteinization,GO:0001553,formation of corpus luteum,,,,,,,,,,,,,,cell,placenta,placenta,UBERON:0001987,syncitiotrophoblast,placental villous trophoblast,CL:2000060,implantation,increases,X secretion,beta human chorionic gonadotropin,,,,,days,systemic,circulatory,,,,,,,,,,,,,,,,,,,,,,,,,,,,,"Medical Physiology, 3rd Edition (2017)",ISBN: 9781455743773,55,,,,,,,,,
female reproductive system,reproductive process,GO:0022414,menstrual cycle,menstrual cycle,GO:0044850,ovarian cycle,,,luteal phase,luteinization,GO:0001553,atresia of corpus luteum,,,,,,,,,,,,,,tissue,ovary,ovary,UBERON:0000992,corpus luteum,corpus luteum,UBERON:0002512,implantation,decreases,apoptosis,,,,,,days,systemic,autocrine,,,,,,,,,,,,,,,,,,,,,,,,,,,,,"Medical Physiology, 3rd Edition (2017)",ISBN: 9781455743773,55,,,,,,,,,
female reproductive system,reproductive process,GO:0022414,menstrual cycle,menstrual cycle,GO:0044850,endometrial cycle,,,menstruation,menstruation,GO:0042703,,,,,,,,,,,,,,"if pregnancy is not established, withdrawal of progesterone and estrogen lead to shedding of endometrium",tissue,uterus,uterus,UBERON: 0000995,endometrium,endometrium,UBERON:0001295,pregnancy,decreases,apoptosis,,,,,,days,systemic,autocrine,,,,,,,,,,,,,,,,,,,,,,,,,,,,,"Medical Physiology, 3rd Edition (2017)",ISBN: 9781455743773,55,,,,,,,,,
female reproductive system,reproductive process,GO:0022414,menstrual cycle,menstrual cycle,GO:0044850,endometrial cycle,,,proliferative phase,,,endometrial proliferation,,,,,,,,,,,,,driven in part by elevated estradiol from proliferating follicles in ovarian follicular phase,tissue,uterus,uterus,UBERON: 0000995,endometrium,endometrium,UBERON:0001295,estradiol,increases,transition to state X,hyperplastic growth (volume increase),,,,,days,circulatory,intra-organ,,,,,,,,,,,,,,,,,,,,,,,,,,,,,"Medical Physiology, 3rd Edition (2017)",ISBN: 9781455743773,55,,,,,,,,,
female reproductive system,reproductive process,GO:0022414,menstrual cycle,menstrual cycle,GO:0044850,endometrial cycle,,,proliferative phase,,,endometrial proliferation,,,,,,,,,,,,,,tissue,uterus,uterus,UBERON: 0000995,endometrium,endometrium,UBERON:0001295,follicular phase,increases,transition to state X,hyperplastic growth (volume increase),,,,,days,systemic,intra-organ,,,,,,,,,,,,,,,,,,,,,,,,,,,,,"Medical Physiology, 3rd Edition (2017)",ISBN: 9781455743773,55,,,,,,,,,
female reproductive system,reproductive process,GO:0022414,menstrual cycle,menstrual cycle,GO:0044850,endometrial cycle,,,secretory phase,,,endometrial differentiation,,,,,,,,,,,,,driven by increased progesterone from corpus luteum,tissue,uterus,uterus,UBERON: 0000995,endometrium,endometrium,UBERON:0001295,progesterone,increases,transition to state X,maturation,,,,,days,circulatory,autocrine,,,,,,,,,,,,,,,,,,,,,,,,,,,,,"Medical Physiology, 3rd Edition (2017)",ISBN: 9781455743773,55,,,,,,,,,
female reproductive system,reproductive process,GO:0022414,menstrual cycle,menstrual cycle,GO:0044850,endometrial cycle,,,secretory phase,,,endometrial differentiation,,,,,,,,,,,,,,tissue,uterus,uterus,UBERON: 0000995,endometrium,endometrium,UBERON:0001295,implantation,increases,transition to state X,maturation,,,,,days,systemic,autocrine,,,,,,,,,,,,,,,,,,,,,,,,,,,,,"Medical Physiology, 3rd Edition (2017)",ISBN: 9781455743773,55,,,,,,,,,
female reproductive system,reproductive process,GO:0022414,menstrual cycle,menstrual cycle,GO:0044850,ovarian cycle,,,follicular phase,ovarian follicle development,GO:0001541,folliculogenesis,,,oocyte maturation,oocyte maturation,GO:0001556,,,,,,,,oocyte enlarges in size and forms the zona pellucida,cell,ovary,ovary,UBERON:0000992,oocyte,oocyte,CL:0000023,,does,transition to state X,maturation,,,,,days,,autocrine,,,,,,,,,,,,,,,,,,,,,,,,,,,,,"Medical Physiology, 3rd Edition (2017)",ISBN: 9781455743773,55,,,,,,,,,
female reproductive system,reproductive process,GO:0022414,menstrual cycle,menstrual cycle,GO:0044850,ovarian cycle,,,follicular phase,ovarian follicle development,GO:0001541,folliculogenesis,,,oocyte maturation,oocyte maturation,GO:0001556,,,,,,,,,cell,ovary,ovary,UBERON:0000992,oocyte,oocyte,CL:0000023,maturation,increases,transition to state X,hypertrophic growth (volume increase),,,,,days,autocrine,autocrine,,,,,,,,,,,,,,,,,,,,,,,,,,,,,"Medical Physiology, 3rd Edition (2017)",ISBN: 9781455743773,55,,,,,,,,,
female reproductive system,reproductive process,GO:0022414,menstrual cycle,menstrual cycle,GO:0044850,ovarian cycle,,,follicular phase,ovarian follicle development,GO:0001541,folliculogenesis,,,oocyte maturation,oocyte maturation,GO:0001556,,,,,,,,,cell,ovary,ovary,UBERON:0000992,oocyte,oocyte,CL:0000023,maturation,increases,X synthesis,zona pellucida,,,,,days,autocrine,autocrine,,,,,,,,,,,,,,,,,,,,,,,,,,,,,"Medical Physiology, 3rd Edition (2017)",ISBN: 9781455743773,55,,,,,,,,,
female reproductive system,reproductive process,GO:0022414,menstrual cycle,menstrual cycle,GO:0044850,ovarian cycle,,,follicular phase,ovarian follicle development,GO:0001541,folliculogenesis,,,theca cell proliferation,primary ovarian follicle growth involved in primary follicle stage,GO:0043930,,,,,,,,"theca cells proliferate, increasing follicle size to ~100Âµm; develops vascular capillary network",cell,ovary,ovary,UBERON:0000992,theca cell,theca cell,CL:0000503,,does,transition to state X,hyperplastic growth (volume increase),,,,,days,,autocrine,,,,,,,,,,,,,,,,,,,,,,,,,,,,,"Medical Physiology, 3rd Edition (2017)",ISBN: 9781455743773,55,,,,,,,,,
female reproductive system,reproductive process,GO:0022414,menstrual cycle,menstrual cycle,GO:0044850,ovarian cycle,,,follicular phase,ovarian follicle development,GO:0001541,folliculogenesis,,,theca cell proliferation,primary ovarian follicle growth involved in primary follicle stage,GO:0043930,,,,,,,,,cell,ovary,ovary,UBERON:0000992,oocyte,oocyte,CL:0000023,hyperplastic growth (volume increase),does,transition to state X,hypertrophic growth (volume increase),,,,,days,autocrine,autocrine,,,,,,,,,,,,,,,,,,,,,,,,,,,,,"Medical Physiology, 3rd Edition (2017)",ISBN: 9781455743773,55,,,,,,,,,
female reproductive system,reproductive process,GO:0022414,menstrual cycle,menstrual cycle,GO:0044850,ovarian cycle,,,follicular phase,ovarian follicle development,GO:0001541,folliculogenesis,,,granulosa cell proliferation,primary ovarian follicle growth involved in primary follicle stage,GO:0043930,,,,,,,,"generation of mural, cumulus, and antral granulosa cells to secrete estrogen",cell,ovary,ovary,UBERON:0000992,granulosa cell,granulosa cell,CL:0000501,maturation,increases,X secretion,estradiol,,,,,days,autocrine,circulatory,,,,,,,,,,,,,,,,,,,,,,,,,,,,,"Medical Physiology, 3rd Edition (2017)",ISBN: 9781455743773,55,,,,,,,,,
female reproductive system,reproductive process,GO:0022414,menstrual cycle,menstrual cycle,GO:0044850,ovarian cycle,,,follicular phase,ovarian follicle development,GO:0001541,folliculogenesis,,,fluid formation,follicular fluid formation in ovarian follicle antrum,GO:0001548,,,,,,,,,organ,female reproductive system,female reproductive system,UBERON:0000474,ovary,ovary,UBERON:0000992,,does,X conversion to Y,oocyte,tertiary ovarian follicle,,,,days,,autocrine,,,,,,,,,,,,,,,,,,,,,,,,,,,,,"Medical Physiology, 3rd Edition (2017)",ISBN: 9781455743773,55,,,,,,,,,
female reproductive system,reproductive process,GO:0022414,menstrual cycle,menstrual cycle,GO:0044850,ovarian cycle,,,follicular phase,ovarian follicle development,GO:0001541,folliculogenesis,,,fluid formation,follicular fluid formation in ovarian follicle antrum,GO:0001548,,,,,,,,,organ,female reproductive system,female reproductive system,UBERON:0000474,ovary,ovary,UBERON:0000992,maturation,increases,X conversion to Y,oocyte,tertiary ovarian follicle,,,,days,autocrine,autocrine,,,,,,,,,,,,,,,,,,,,,,,,,,,,,"Medical Physiology, 3rd Edition (2017)",ISBN: 9781455743773,55,,,,,,,,,
female reproductive system,reproductive process,GO:0022414,menstrual cycle,menstrual cycle,GO:0044850,ovarian cycle,,,follicular phase,ovarian follicle development,GO:0001541,folliculogenesis,,,fluid formation,follicular fluid formation in ovarian follicle antrum,GO:0001548,,,,,,,,,organ,female reproductive system,female reproductive system,UBERON:0000474,ovary,ovary,UBERON:0000992,tertiary ovarian follicle,increases,termination of state X,maturation,,,,,days,autocrine,intra-organ,,,,,,,,,,,,,,,,,,,,,,,,,,,,,"Medical Physiology, 3rd Edition (2017)",ISBN: 9781455743773,55,,,,,,,,,
female reproductive system,reproductive process,GO:0022414,sexual reproduction,sexual reproduction,GO:0019953,regulation of erection,,,clitoral erection,,,innervation,innervation,GO:0060384,,,,,,,,,,,sacral plexus parasympathetic outflow innervates clitoral tissues to produce erection,tissue,lumbosacral nerve plexus,lumbosacral nerve plexus,UBERON:0001815,sacral plexus,sacral nerve plexus,UBERON:0034986,,does,innervation of X,clitoris,,,,,milliseconds,,paracrine,,,,,,,,,,,,,,,,,,,,,,,,,,,,,"Medical Physiology, 3rd Edition (2017)",ISBN: 9781455743773,55,,,,,,,,,
female reproductive system,reproductive process,GO:0022414,sexual reproduction,sexual reproduction,GO:0019953,regulation of erection,,,clitoral erection,,,innervation,innervation,GO:0060384,,,,,,,,,,,carvernous nerve of clitoris innervates corpus cavernosum,tissue,sacral plexus,sacral nerve plexus,UBERON:0034986,nerve of clitoris,nerve of clitoris,UBERON:0035650,,does ,innervation of X,corpus cavernosum clitoridis,,,,,seconds,,paracrine,,,,,,,,,,,,,,,,,,,,,,,,,,,,,"Medical Physiology, 3rd Edition (2017)",ISBN: 9781455743773,55,,,,,,,,,
female reproductive system,reproductive process,GO:0022414,sexual reproduction,sexual reproduction,GO:0019953,regulation of erection,,,clitoral erection,,,innervation,innervation,GO:0060384,,,,,,,,,,,,tissue,clitoris,clitoris,UBERON:0002411,corpus cavernosum,corpus cavernosum clitoridis,UBERON:0006608,,does,contraction,,,,,,seconds,,autocrine,,,,,,,,,,,,,,,,,,,,,,,,,,,,,"Medical Physiology, 3rd Edition (2017)",ISBN: 9781455743773,55,,,,,,,,,
female reproductive system,reproductive process,GO:0022414,sexual reproduction,sexual reproduction,GO:0019953,regulation of erection,,,clitoral erection,,,innervation,innervation,GO:0060384,,,,,,,,,,,,tissue,clitoris,clitoris,UBERON:0002411,corpus cavernosum,corpus cavernosum clitoridis,UBERON:0006608,paraympathetic activity,decreases,contraction,,,,,,seconds,paracrine,autocrine,,,,,,,,,,,,,,,,,,,,,,,,,,,,,"Medical Physiology, 3rd Edition (2017)",ISBN: 9781455743773,55,,,,,,,,,
female reproductive system,reproductive process,GO:0022414,sexual reproduction,sexual reproduction,GO:0019953,regulation of erection,,,clitoral erection,,,innervation,innervation,GO:0060384,,,,,,,,,,,,tissue,clitoris,clitoris,UBERON:0002411,cavernosal artery,dorsal artery of clitoris,UBERON:0008323,,does,blood flow to X,corpus cavernosum clitoridis,,,,,seconds,,autocrine,,,,,,,,,,,,,,,,,,,,,,,,,,,,,"Medical Physiology, 3rd Edition (2017)",ISBN: 9781455743773,55,,,,,,,,,
female reproductive system,reproductive process,GO:0022414,sexual reproduction,sexual reproduction,GO:0019953,regulation of erection,,,clitoral erection,,,innervation,innervation,GO:0060384,,,,,,,,,,,,tissue,clitoris,clitoris,UBERON:0002411,cavernosal artery,dorsal artery of clitoris,UBERON:0008323,paraympathetic activity,increases,blood flow to X,corpus cavernosum clitoridis,,,,,seconds,paracrine,autocrine,,,,,,,,,,,,,,,,,,,,,,,,,,,,,"Medical Physiology, 3rd Edition (2017)",ISBN: 9781455743773,55,,,,,,,,,
female reproductive system,reproductive process,GO:0022414,sexual reproduction,sexual reproduction,GO:0019953,regulation of erection,,,clitoral erection,,,innervation,innervation,GO:0060384,,,,,,,,,,,,tissue,clitoris,clitoris,UBERON:0002411,cavernosal artery,dorsal artery of clitoris,UBERON:0008323,decreased contraction of corpus cavernosum clitoridis,increases,blood flow to X,corpus cavernosum clitoridis,,,,,seconds,autocrine,autocrine,,,,,,,,,,,,,,,,,,,,,,,,,,,,,"Medical Physiology, 3rd Edition (2017)",ISBN: 9781455743773,55,,,,,,,,,
female reproductive system,reproductive process,GO:0022414,sexual reproduction,sexual reproduction,GO:0019953,regulation of erection,,,clitoral erection,,,innervation,innervation,GO:0060384,,,,,,,,,,,,tissue,clitoris,clitoris,UBERON:0002411,cavernosal vein,deep dorsal vein of clitoris,UBERON:0006690,,does,blood drainage from X,corpus cavernosum clitoridis,,,,,seconds,,autocrine,,,,,,,,,,,,,,,,,,,,,,,,,,,,,"Medical Physiology, 3rd Edition (2017)",ISBN: 9781455743773,55,,,,,,,,,
female reproductive system,reproductive process,GO:0022414,sexual reproduction,sexual reproduction,GO:0019953,regulation of erection,,,clitoral erection,,,innervation,innervation,GO:0060384,,,,,,,,,,,,tissue,clitoris,clitoris,UBERON:0002411,cavernosal vein,deep dorsal vein of clitoris,UBERON:0006690,paraympathetic activity,decreases,blood drainage from X,corpus cavernosum clitoridis,,,,,seconds,paracrine,autocrine,,,,,,,,,,,,,,,,,,,,,,,,,,,,,"Medical Physiology, 3rd Edition (2017)",ISBN: 9781455743773,55,,,,,,,,,
female reproductive system,reproductive process,GO:0022414,sexual reproduction,sexual reproduction,GO:0019953,regulation of erection,,,clitoral erection,,,innervation,innervation,GO:0060384,,,,,,,,,,,,tissue,clitoris,clitoris,UBERON:0002411,cavernosal vein,deep dorsal vein of clitoris,UBERON:0006690,decreased contraction of corpus cavernosum clitoridis,decreases,blood drainage from X,corpus cavernosum clitoridis,,,,,seconds,autocrine,autocrine,,,,,,,,,,,,,,,,,,,,,,,,,,,,,"Medical Physiology, 3rd Edition (2017)",ISBN: 9781455743773,55,,,,,,,,,
female reproductive system,reproductive process,GO:0022414,sexual reproduction,sexual reproduction,GO:0019953,regulation of erection,,,clitoral erection,,,innervation,innervation,GO:0060384,,,,,,,,,,,,tissue,clitoris,clitoris,UBERON:0002411,cavernosal artery,dorsal artery of clitoris,UBERON:0008323,sympathetic activity,decreases,blood flow to X,corpus cavernosum clitoridis,,,,,seconds,paracrine,autocrine,,,,,,,,,,,,,,,,,,,,,,,,,,,,,"Medical Physiology, 3rd Edition (2017)",ISBN: 9781455743773,55,,,,,,,,,
female reproductive system,reproductive process,GO:0022414,sexual reproduction,sexual reproduction,GO:0019953,regulation of erection,,,clitoral erection,,,innervation,innervation,GO:0060384,,,,,,,,,,,,tissue,clitoris,clitoris,UBERON:0002411,cavernosal artery,dorsal artery of clitoris,UBERON:0008323,increased contraction of corpus cavernosum clitoridis,decreases,blood flow to X,corpus cavernosum clitoridis,,,,,seconds,autocrine,autocrine,,,,,,,,,,,,,,,,,,,,,,,,,,,,,"Medical Physiology, 3rd Edition (2017)",ISBN: 9781455743773,55,,,,,,,,,
female reproductive system,reproductive process,GO:0022414,sexual reproduction,sexual reproduction,GO:0019953,regulation of erection,,,clitoral erection,,,innervation,innervation,GO:0060384,,,,,,,,,,,,tissue,clitoris,clitoris,UBERON:0002411,cavernosal vein,deep dorsal vein of clitoris,UBERON:0006690,sympathetic activity,increases,blood drainage from X,corpus cavernosum clitoridis,,,,,seconds,paracrine,autocrine,,,,,,,,,,,,,,,,,,,,,,,,,,,,,"Medical Physiology, 3rd Edition (2017)",ISBN: 9781455743773,55,,,,,,,,,
female reproductive system,reproductive process,GO:0022414,sexual reproduction,sexual reproduction,GO:0019953,regulation of erection,,,clitoral erection,,,innervation,innervation,GO:0060384,,,,,,,,,,,,tissue,clitoris,clitoris,UBERON:0002411,cavernosal vein,deep dorsal vein of clitoris,UBERON:0006690,increased contraction of corpus cavernosum clitoridis,increases,blood drainage from X,corpus cavernosum clitoridis,,,,,seconds,autocrine,autocrine,,,,,,,,,,,,,,,,,,,,,,,,,,,,,"Medical Physiology, 3rd Edition (2017)",ISBN: 9781455743773,55,,,,,,,,,
female reproductive system,reproductive process,GO:0022414,sexual reproduction,sexual reproduction,GO:0019953,lubrication,,,,,,,,,,,,,,,,,,,Bartholin's gland secrete fluid to lubricate vagina during coitus,tissue,vulva,mammalian vulva,UBERON:0000997,bartholin's gland,major vestibular gland,UBERON:0000460,,does,X secretion,lubricating fluid,,,,,seconds,,intra-organ,,,,,,,,,,,,,,,,,,,,,,,,,,,,,"Medical Physiology, 3rd Edition (2017)",ISBN: 9781455743773,55,,,,,,,,,
female reproductive system,reproductive process,GO:0022414,sexual reproduction,sexual reproduction,GO:0019953,lubrication,,,,,,,,,,,,,,,,,,,,tissue,vulva,mammalian vulva,UBERON:0000997,bartholin's gland,major vestibular gland,UBERON:0000460,sexual activity,increases,X secretion,lubricating fluid,,,,,seconds,systemic,intra-organ,,,,,,,,,,,,,,,,,,,,,,,,,,,,,"Medical Physiology, 3rd Edition (2017)",ISBN: 9781455743773,55,,,,,,,,,
female reproductive system,reproductive process,GO:0022414,sexual reproduction,sexual reproduction,GO:0019953,lubrication,,,innervation,innervation,GO:0060384,,,,,,,,,,,,,,sacral plexus parasympathetic outflow innervates Bartholin's glands to lubricate vagina,tissue,lumbosacral nerve plexus,lumbosacral nerve plexus,UBERON:0001815,sacral plexus,sacral nerve plexus,UBERON:0034986,,does,innervation of X,major vestibular gland,,,,,milliseconds,,paracrine,,,,,,,,,,,,,,,,,,,,,,,,,,,,,"Medical Physiology, 3rd Edition (2017)",ISBN: 9781455743773,55,,,,,,,,,
female reproductive system,reproductive process,GO:0022414,sexual reproduction,sexual reproduction,GO:0019953,lubrication,,,innervation,innervation,GO:0060384,,,,,,,,,,,,,,,tissue,vulva,mammalian vulva,UBERON:0000997,bartholin's gland,major vestibular gland,UBERON:0000460,sympathetic activity,increases,X secretion,lubricating fluid,,,,,milliseconds,paracrine,intra-organ,,,,,,,,,,,,,,,,,,,,,,,,,,,,,"Medical Physiology, 3rd Edition (2017)",ISBN: 9781455743773,55,,,,,,,,,
female reproductive system,reproductive process,GO:0022414,sexual reproduction,sexual reproduction,GO:0019953,female orgasm,,,spinal cord reflex,"musculoskeletal movement, spinal reflex action",GO:0050883,reflex afferent,,,,,,,,,,,,,"spinal cord reflex via afferents through S2-S4, efferent activity via motor pudendal nerve. Results in rhythmic contraction of perineal muscles",tissue,lumbosacral nerve plexus,lumbosacral nerve plexus,UBERON:0001815,sacral plexus,sacral nerve plexus,UBERON:0034986,,does,sensation of X,clitoris,,,,,milliseconds,,paracrine,,,,,,,,,,,,,,,,,,,,,,,,,,,,,"Medical Physiology, 3rd Edition (2017)",ISBN: 9781455743773,55,,,,,,,,,
female reproductive system,reproductive process,GO:0022414,sexual reproduction,sexual reproduction,GO:0019953,female orgasm,,,spinal cord reflex,"musculoskeletal movement, spinal reflex action",GO:0050883,reflex efferent,,,,,,,,,,,,,,tissue,pelvis nerve,pelvis nerve,UBERON:0003444,motor pudendal nerve,pudendal nerve,UBERON:0011390,,does,innervation of X,perineal muscle,,,,,seconds,,paracrine,,,,,,,,,,,,,,,,,,,,,,,,,,,,,"Medical Physiology, 3rd Edition (2017)",ISBN: 9781455743773,55,,,,,,,,,
female reproductive system,reproductive process,GO:0022414,sexual reproduction,sexual reproduction,GO:0019953,female orgasm,,,spinal cord reflex,"musculoskeletal movement, spinal reflex action",GO:0050883,reflex efferent,,,,,,,,,,,,,,tissue,skeletal muscle,skeletal muscle tissue,UBERON:0001134,perineal muscle,perineal muscle,UBERON:0002379,sensation of clitoris,increases,contraction ,,,,,,seconds,paracrine,autocrine,,,,,,,,,,,,,,,,,,,,,,,,,,,,,"Medical Physiology, 3rd Edition (2017)",ISBN: 9781455743773,55,,,,,,,,,
female reproductive system,reproductive process,GO:0022414,sexual reproduction,sexual reproduction,GO:0019953,female orgasm,,,spinal cord reflex,"musculoskeletal movement, spinal reflex action",GO:0050883,reflex efferent,,,,,,,,,,,,,,tissue,skeletal muscle,skeletal muscle tissue,UBERON:0001134,perineal muscle,perineal muscle,UBERON:0002379,sensation of clitoris,increases,contraction X,force,,,,,seconds,paracrine,autocrine,,,,,,,,,,,,,,,,,,,,,,,,,,,,,"Medical Physiology, 3rd Edition (2017)",ISBN: 9781455743773,55,,,,,,,,,
female reproductive system,reproductive process,GO:0022414,sexual reproduction,sexual reproduction,GO:0019953,female orgasm,,,spinal cord reflex,"musculoskeletal movement, spinal reflex action",GO:0050883,reflex efferent,,,,,,,,,,,,,,tissue,skeletal muscle,skeletal muscle tissue,UBERON:0001134,perineal muscle,perineal muscle,UBERON:0002379,sensation of clitoris,increases,contraction X,frequency,,,,,seconds,paracrine,autocrine,,,,,,,,,,,,,,,,,,,,,,,,,,,,,"Medical Physiology, 3rd Edition (2017)",ISBN: 9781455743773,55,,,,,,,,,
female reproductive system,reproductive process,GO:0022414,sexual reproduction,sexual reproduction,GO:0019953,female orgasm,,,spinal cord reflex,"musculoskeletal movement, spinal reflex action",GO:0050883,reflex efferent,,,,,,,,,,,,,,tissue,female reproductive system,female reproductive system,UBERON:0001134,clitoris,clitoris,UBERON:0002411,sensation of clitoris,increases,transition to X,orgasm,,,,,seconds,paracrine,autocrine,,,,,,,,,,,,,,,,,,,,,,,,,,,,,"Medical Physiology, 3rd Edition (2017)",ISBN: 9781455743773,55,,,,,,,,,
female reproductive system,reproductive process,GO:0022414,sexual reproduction,sexual reproduction,GO:0019953,female orgasm,,,cervical dilation,,,,,,,,,,,,,,,,cervix dilates during female orgasm to promote sperm entry,tissue,uterus,uterus,UBERON: 0000995,cervix,uterine cervix,UBERON:0000002,orgasm,decreases,contraction,,,,,,seconds,systemic,autocrine,,,,,,,,,,,,,,,,,,,,,,,,,,,,,"Medical Physiology, 3rd Edition (2017)",ISBN: 9781455743773,55,,,,,,,,,
female reproductive system,reproductive process,GO:0022414,sexual reproduction,sexual reproduction,GO:0019953,female orgasm,,,uterine contraction,uterine smooth muscle contraction,GO:0070471,,,,,,,,,,,,,,uterus contracts in response to oxytocin release during orgasm to facilitate sperm entry,organ,pituitary gland,pituitary gland,UBERON:0000007,posterior pituitary,neurohypophysis,UBERON:0002198,,does,X secretion,oxytocin,,,,,seconds,,circulatory,,,,,,,,,,,,,,,,,,,,,,,,,,,,,"Medical Physiology, 3rd Edition (2017)",ISBN: 9781455743773,55,,,,,,,,,
female reproductive system,reproductive process,GO:0022414,sexual reproduction,sexual reproduction,GO:0019953,female orgasm,,,uterine contraction,uterine smooth muscle contraction,GO:0070471,,,,,,,,,,,,,,,organ,pituitary gland,pituitary gland,UBERON:0000007,posterior pituitary,neurohypophysis,UBERON:0002198,orgasm,increases,X secretion,oxytocin,,,,,seconds,systemic,circulatory,,,,,,,,,,,,,,,,,,,,,,,,,,,,,"Medical Physiology, 3rd Edition (2017)",ISBN: 9781455743773,55,,,,,,,,,
female reproductive system,reproductive process,GO:0022414,sexual reproduction,sexual reproduction,GO:0019953,female orgasm,,,uterine contraction,uterine smooth muscle contraction,GO:0070471,,,,,,,,,,,,,,,organ,female reproductive system,female reproductive system,UBERON:0000474,uterus,uterus,UBERON: 0000995,orgasm,increases,contraction,,,,,,seconds,systemic,autocrine,,,,,,,,,,,,,,,,,,,,,,,,,,,,,"Medical Physiology, 3rd Edition (2017)",ISBN: 9781455743773,55,,,,,,,,,
female reproductive system,reproductive process,GO:0022414,sexual reproduction,sexual reproduction,GO:0019953,female orgasm,,,uterine contraction,uterine smooth muscle contraction,GO:0070471,,,,,,,,,,,,,,,organ,female reproductive system,female reproductive system,UBERON:0000474,uterus,uterus,UBERON: 0000995,orgasm,increases,contraction X,force,,,,,seconds,systemic,autocrine,,,,,,,,,,,,,,,,,,,,,,,,,,,,,"Medical Physiology, 3rd Edition (2017)",ISBN: 9781455743773,55,,,,,,,,,
female reproductive system,reproductive process,GO:0022414,sexual reproduction,sexual reproduction,GO:0019953,female orgasm,,,uterine contraction,uterine smooth muscle contraction,GO:0070471,,,,,,,,,,,,,,,organ,female reproductive system,female reproductive system,UBERON:0000474,uterus,uterus,UBERON: 0000995,orgasm,increases,contraction X,frequency,,,,,seconds,systemic,autocrine,,,,,,,,,,,,,,,,,,,,,,,,,,,,,"Medical Physiology, 3rd Edition (2017)",ISBN: 9781455743773,55,,,,,,,,,
female reproductive system,reproductive process,GO:0022414,menopause,menopause,GO:0042697,,,,,,,,,,,,,,,,,,,,anterior pituitary secretes substantially more FSH without estradiol-mediated inhibition,organ,female reproductive system,female reproductive system,UBERON:0000474,ovary,ovary,UBERON:0000992,,does,X storage,ovarian follicle ,,,,,seconds,,intra-organ,,,,,,,,,,,,,,,,,,,,,,,,,,,,,"Medical Physiology, 3rd Edition (2017)",ISBN: 9781455743773,55,,,,,,,,,
female reproductive system,reproductive process,GO:0022414,menopause,menopause,GO:0042697,,,,,,,,,,,,,,,,,,,,,organ,female reproductive system,female reproductive system,UBERON:0000474,ovary,ovary,UBERON:0000992,decreased ovarian follicle storage,increases,transition to X,menopause,,,,,seconds,intra-organ,systemic,,,,,,,,,,,,,,,,,,,,,,,,,,,,,"Medical Physiology, 3rd Edition (2017)",ISBN: 9781455743773,55,,,,,,,,,
female reproductive system,reproductive process,GO:0022414,menopause,menopause,GO:0042697,,,,,,,,,,,,,,,,,,,,,organ,female reproductive system,female reproductive system,UBERON:0000474,ovary,ovary,UBERON:0000992,menopause,decreases,X secretion,estradiol,,,,,seconds,systemic,circulatory,,,,,,,,,,,,,,,,,,,,,,,,,,,,,"Medical Physiology, 3rd Edition (2017)",ISBN: 9781455743773,55,,,,,,,,,
female reproductive system,reproductive process,GO:0022414,menopause,menopause,GO:0042697,,,,,,,,,,,,,,,,,,,,,organ,female reproductive system,female reproductive system,UBERON:0000474,ovary,ovary,UBERON:0000992,menopause,decreases,X storage,ovarian follicle ,,,,,seconds,systemic,intra-organ,,,,,,,,,,,,,,,,,,,,,,,,,,,,,"Medical Physiology, 3rd Edition (2017)",ISBN: 9781455743773,55,,,,,,,,,
female reproductive system,reproductive process,GO:0022414,menstrual cycle,menstrual cycle,GO:0044850,ovarian cycle,,,follicular phase,ovarian follicle development,GO:0001541,ovulation,ovulation,GO:0030728,,,,,,,,,,,cilia in fallopian tube transport mature oocyte from ovarian fimbriae to uterus,organ,female reproductive system,female reproductive system,UBERON:0000474,ovary,ovary,UBERON:0000992,,does,transport of X from Y to Z,oocyte,ovary,fallopian tube,,,minutes,,intra-organ,,,,,,,,,,,,,,,,,,,,,,,,,,,,,"Medical Physiology, 3rd Edition (2017)",ISBN: 9781455743773,55,,,,,,,,,
female reproductive system,reproductive process,GO:0022414,menstrual cycle,menstrual cycle,GO:0044850,ovarian cycle,,,follicular phase,ovarian follicle development,GO:0001541,ovulation,ovulation,GO:0030728,,,,,,,,,,,,tissue,fallopian tube,fallopian tube,UBERON:0003889,fimbriae,fimbriae of fallopian tube,UBERON:8410010,,does,transport of X from Y to Z,oocyte,fallopian tube,uterus,,,minutes,,intra-organ,,,,,,,,,,,,,,,,,,,,,,,,,,,,,"Medical Physiology, 3rd Edition (2017)",ISBN: 9781455743773,55,,,,,,,,,
female reproductive system,reproductive process,GO:0022414,menstrual cycle,menstrual cycle,GO:0044850,ovarian cycle,,,follicular phase,ovarian follicle development,GO:0001541,ovulation,ovulation,GO:0030728,,,,,,,,,,,,tissue,fallopian tube,fallopian tube,UBERON:0003889,cilia,oviduct epithelium,UBERON:0004804,,does,transport of X from Y to Z,oocyte,fallopian tube,uterus,,,minutes,,intra-organ,,,,,,,,,,,,,,,,,,,,,,,,,,,,,"Medical Physiology, 3rd Edition (2017)",ISBN: 9781455743773,55,,,,,,,,,
female reproductive system,reproductive process,GO:0022414,pregnancy ,female pregnancy,GO:0007565,fertilization,fertilization,GO:0009566,,,,,,,,,,,,,,,,,sperm fertilizes oocyte in ampulla of fallopian tube,cell,ampulla,ampulla of fallopian tube,UBERON:0012648,oocyte,oocyte,CL:0000023,,does,fuse to X,sperm,,,,,minutes,,paracrine,,,,,,,,,,,,,,,,,,,,,,,,,,,,,"Medical Physiology, 3rd Edition (2017)",ISBN: 9781455743773,55,,,,,,,,,
female reproductive system,reproductive process,GO:0022414,pregnancy ,female pregnancy,GO:0007565,fertilization,fertilization,GO:0009566,,,,,,,,,,,,,,,,,,cell,ampulla,ampulla of fallopian tube,UBERON:0012648,oocyte,oocyte,CL:0000023,,does,transition to X,morula,,,,,minutes,,autocrine,,,,,,,,,,,,,,,,,,,,,,,,,,,,,"Medical Physiology, 3rd Edition (2017)",ISBN: 9781455743773,55,,,,,,,,,
female reproductive system,reproductive process,GO:0022414,pregnancy ,female pregnancy,GO:0007565,fertilization,fertilization,GO:0009566,,,,,,,,,,,,,,,,,,cell,ampulla,ampulla of fallopian tube,UBERON:0012648,oocyte,oocyte,CL:0000023,oocyte fuse to sperm,increases,transition to X,morula,,,,,minutes,autocrine,autocrine,,,,,,,,,,,,,,,,,,,,,,,,,,,,,"Medical Physiology, 3rd Edition (2017)",ISBN: 9781455743773,55,,,,,,,,,
female reproductive system,reproductive process,GO:0022414,pregnancy ,female pregnancy,GO:0007565,morulation,morula formation,GO:0140001,,,,,,,,,,,,,,,,,"morula forms approximately 3 days after fertilization, remains in ampulla until blastocyst stage",tissue,ampulla,ampulla of fallopian tube,UBERON:0012648,morula,morula,UBERON:0000085,,does,transition to X,blastula,,,,,minutes,,autocrine,,,,,,,,,,,,,,,,,,,,,,,,,,,,,"Medical Physiology, 3rd Edition (2017)",ISBN: 9781455743773,55,,,,,,,,,
female reproductive system,reproductive process,GO:0022414,pregnancy ,female pregnancy,GO:0007565,implantation,embryo implantation,GO:0007566,,,,,,,,,,,,,,,,,blastocyst implants in endometrium 6-7 days post-fertilization,tissue,ampulla,ampulla of fallopian tube,UBERON:0012648,blastula,blastula,UBERON:0000307,,does,transition to state X,implantation,,,,,minutes,,intra-organ,,,,,,,,,,,,,,,,,,,,,,,,,,,,,"Medical Physiology, 3rd Edition (2017)",ISBN: 9781455743773,55,,,,,,,,,
female reproductive system,reproductive process,GO:0022414,pregnancy ,female pregnancy,GO:0007565,decidualization,decidualization,GO:0046697,,,,,,,,,,,,,,,,,"endometrial stromal cells change into rounded decidual cells, beginning near the spiral arteries",cell,endometrium,endometrium,UBERON:0001295,endometrial stromal cell,stromal cell of endometrium,CL:0002255,,does,transition to X,decidual cell,,,,,days,,autocrine,,,,,,,,,,,,,,,,,,,,,,,,,,,,,"Medical Physiology, 3rd Edition (2017)",ISBN: 9781455743773,55,,,,,,,,,
female reproductive system,reproductive process,GO:0022414,pregnancy ,female pregnancy,GO:0007565,decidualization,decidualization,GO:0046697,,,,,,,,,,,,,,,,,,cell,endometrium,endometrium,UBERON:0001295,decidual cell,decidual cell,CL:2000002,,does,X secretion,progesterone,,,,,days,,intra-organ,,,,,,,,,,,,,,,,,,,,,,,,,,,,,"Medical Physiology, 3rd Edition (2017)",ISBN: 9781455743773,55,,,,,,,,,
female reproductive system,reproductive process,GO:0022414,pregnancy ,female pregnancy,GO:0007565,decidualization,decidualization,GO:0046697,,,,,,,,,,,,,,,,,,cell,endometrium,endometrium,UBERON:0001295,decidual cell,decidual cell,CL:2000002,,does,X secretion,estrogen,,,,,days,,intra-organ,,,,,,,,,,,,,,,,,,,,,,,,,,,,,"Medical Physiology, 3rd Edition (2017)",ISBN: 9781455743773,55,,,,,,,,,
female reproductive system,reproductive process,GO:0022414,pregnancy ,female pregnancy,GO:0007565,decidualization,decidualization,GO:0046697,,,,,,,,,,,,,,,,,,cell,endometrium,endometrium,UBERON:0001295,decidual cell,decidual cell,CL:2000002,,does,X secretion,cholesterol,,,,,days,,intra-organ,,,,,,,,,,,,,,,,,,,,,,,,,,,,,"Medical Physiology, 3rd Edition (2017)",ISBN: 9781455743773,55,,,,,,,,,
female reproductive system,reproductive process,GO:0022414,pregnancy ,female pregnancy,GO:0007565,decidualization,decidualization,GO:0046697,,,,,,,,,,,,,,,,,,cell,endometrium,endometrium,UBERON:0001295,decidual cell,decidual cell,CL:2000002,,does,X secretion,cortisol,,,,,days,,intra-organ,,,,,,,,,,,,,,,,,,,,,,,,,,,,,"Medical Physiology, 3rd Edition (2017)",ISBN: 9781455743773,55,,,,,,,,,
female reproductive system,reproductive process,GO:0022414,pregnancy ,female pregnancy,GO:0007565,beta hcg secretion,,,,,,,,,,,,,,,,,,,"trophoblast of blastocyst secretes beta hcg to maintain iniital pregnancy, sustains corpus luteum as maternal LH decreases",tissue,blastocyst,blastocyst,UBERON:0000358,trophoblast,trophoblast,UBERON:0000088,,does,X secretion,beta human chorionic gonadotropin,,,,,days,,circulatory,,,,,,,,,,,,,,,,,,,,,,,,,,,,,"Medical Physiology, 3rd Edition (2017)",ISBN: 9781455743773,55,,,,,,,,,
female reproductive system,reproductive process,GO:0022414,pregnancy ,female pregnancy,GO:0007565,beta hcg secretion,,,,,,,,,,,,,,,,,,,,tissue,blastocyst,blastocyst,UBERON:0000358,trophoblast,trophoblast,UBERON:0000088,,does,X synthesis,placental villous trophoblast,,,,,days,,intra-organ,,,,,,,,,,,,,,,,,,,,,,,,,,,,,"Medical Physiology, 3rd Edition (2017)",ISBN: 9781455743773,55,,,,,,,,,
female reproductive system,reproductive process,GO:0022414,pregnancy ,female pregnancy,GO:0007565,beta hcg secretion,,,,,,,,,,,,,,,,,,,,tissue,blastocyst,blastocyst,UBERON:0000358,trophoblast,trophoblast,UBERON:0000088,,does,X synthesis,chorionic trophoblast cell,,,,,days,,intra-organ,,,,,,,,,,,,,,,,,,,,,,,,,,,,,"Medical Physiology, 3rd Edition (2017)",ISBN: 9781455743773,55,,,,,,,,,
female reproductive system,reproductive process,GO:0022414,pregnancy ,female pregnancy,GO:0007565,implantation,embryo implantation,GO:0007566,formation of syncytiotrophoblast,,,,,,,,,,,,,,,,syncytiotrophoblast becomes main component of maternal-fetal interface,cell,placenta,placenta,UBERON:0001987,syncytiotrophoblast,placental villous trophoblast,CL:2000060,,does,fuse to X,endometrium,,,,,days,,intra-organ,,,,,,,,,,,,,,,,,,,,,,,,,,,,,"Medical Physiology, 3rd Edition (2017)",ISBN: 9781455743773,55,,,,,,,,,
female reproductive system,reproductive process,GO:0022414,pregnancy ,female pregnancy,GO:0007565,implantation,embryo implantation,GO:0007566,formation of cytotrophoblast,,,,,,,,,,,,,,,,cytotrophoblast will penetrate syncytiotrophoblast and form chorionic villi,cell,placenta,placenta,UBERON:0001987,cytotrophoblast,chorionic trophoblast cell,CL:0011101,,does,fuse to X,placental villous trophoblast,,,,,days,,intra-organ,,,,,,,,,,,,,,,,,,,,,,,,,,,,,"Medical Physiology, 3rd Edition (2017)",ISBN: 9781455743773,55,,,,,,,,,
female reproductive system,reproductive process,GO:0022414,pregnancy ,female pregnancy,GO:0007565,implantation,embryo implantation,GO:0007566,formation of cytotrophoblast,,,,,,,,,,,,,,,,invasion of syncytiotrophoblast into maternal endometrium begins the formation of the placenta,tissue,uterus,uterus,UBERON: 0000995,endometrium,endometrium,UBERON:0001295,fuse to endometrium,does,transition to X,placenta,,,,,days,intra-organ,autocrine,,,,,,,,,,,,,,,,,,,,,,,,,,,,,"Medical Physiology, 3rd Edition (2017)",ISBN: 9781455743773,55,,,,,,,,,
female reproductive system,reproductive process,GO:0022414,pregnancy ,female pregnancy,GO:0007565,placenta formation,placenta development,GO:0001890,invasion,,,,,,,,,,,,,,,,"blood volume increases by ~45% in pregnancy (~50% bump in plasma, ~33% increase in erythrocytes, leading to dilutional anemia)",cell,blood,blood,UBERON:0000178,erythrocyte,erythrocyte,CL:0000232,pregnancy,increases,count,,,,,increase by 33%,days,systemic,circulatory,,,,,,,,,,,,,,,,,,,,,,,,,,,,,"Medical Physiology, 3rd Edition (2017)",ISBN: 9781455743773,55,,,,,,,,,
female reproductive system,reproductive process,GO:0022414,pregnancy ,female pregnancy,GO:0007565,physiological changes in pregnancy,,,plasma volume increase,,,,,,,,,,,,,,,,,tissue,blood,blood,UBERON:0000178,plasma,blood plasma,UBERON:0001969,pregnancy,increases,volume,,,,,increase by 50%,weeks,systemic,circulatory,,,,,,,,,,,,,,,,,,,,,,,,,,,,,"Medical Physiology, 3rd Edition (2017)",ISBN: 9781455743773,55,,,,,,,,,
female reproductive system,reproductive process,GO:0022414,pregnancy ,female pregnancy,GO:0007565,physiological changes in pregnancy,,,cardiac output increase,,,,,,,,,,,,,,,,cardiac output increases 35-45% in pregnancy,tissue,heart,heart,UBERON:0000948,left ventricle,heart left ventricle,UBERON:0002084,pregnancy,increases,X export,blood,,,,increase by 35%,weeks,systemic,circulatory,,,,,,,,,,,,,,,,,,,,,,,,,,,,,"Medical Physiology, 3rd Edition (2017)",ISBN: 9781455743773,55,,,,,,,,,
female reproductive system,reproductive process,GO:0022414,pregnancy ,female pregnancy,GO:0007565,physiological changes in pregnancy,,,alveolar ventilation,,,,,,,,,,,,,,,,alveolar ventilation (via tidal volume) increases ~45%,tissue,lung,lung,UBERON:0002048,alveolus,alveolus of lung,UBERON:0002299,pregnancy,increases,volume,,,,,increase by 45%,weeks,systemic,autocrine,,,,,,,,,,,,,,,,,,,,,,,,,,,,,"Medical Physiology, 3rd Edition (2017)",ISBN: 9781455743773,55,,,,,,,,,
female reproductive system,reproductive process,GO:0022414,pregnancy ,female pregnancy,GO:0007565,parturition,parturition,GO:0007567,quiescent stage,,,,,,,,,,,,,,,,gravid uterus grows and expands via myometrial hypertrophy to accomodate the growing fetus,tissue,uterus,uterus,UBERON: 0000995,myometrium,myometrium,UBERON:0001296,pregnancy,increases,transition to X,hypertrophic growth (volume increase),,,,,weeks,systemic,intra-organ,,,,,,,,,,,,,,,,,,,,,,,,,,,,,"Medical Physiology, 3rd Edition (2017)",ISBN: 9781455743773,55,,,,,,,,,
female reproductive system,reproductive process,GO:0022414,pregnancy ,female pregnancy,GO:0007565,parturition,parturition,GO:0007567,activation stage,,,,,,,,,,,,,,,,"myometrium undergoes genetic expression changes leading to increased expression of connexin-43, receptors for prostaglandins, and oxytocin",tissue,uterus,uterus,UBERON: 0000995,myometrium,myometrium,UBERON:0001296,pregnancy,increases,sensitivity to X,prostacyclin,,,,,days,systemic,intra-organ,,,,,,,,,,,,,,,,,,,,,,,,,,,,,"Medical Physiology, 3rd Edition (2017)",ISBN: 9781455743773,55,,,,,,,,,
female reproductive system,reproductive process,GO:0022414,pregnancy ,female pregnancy,GO:0007565,parturition,parturition,GO:0007567,activation stage,,,,,,,,,,,,,,,,,tissue,uterus,uterus,UBERON: 0000995,myometrium,myometrium,UBERON:0001296,pregnancy,increases,sensitivity to X,prolactin,,,,,days,systemic,intra-organ,,,,,,,,,,,,,,,,,,,,,,,,,,,,,"Medical Physiology, 3rd Edition (2017)",ISBN: 9781455743773,55,,,,,,,,,
female reproductive system,reproductive process,GO:0022414,pregnancy ,female pregnancy,GO:0007565,parturition,parturition,GO:0007567,activation stage,,,,,,,,,,,,,,,,cervix increases transcription of genes such as collagenases to facilitate effacement and dilation,organ,uterus,uterus,UBERON: 0000995,cervix,uterine cervix,UBERON:0000002,activation stage,decreases,contraction,,,,,,days,systemic,autocrine,,,,,,,,,,,,,,,,,,,,,,,,,,,,,"Medical Physiology, 3rd Edition (2017)",ISBN: 9781455743773,55,,,,,,,,,
female reproductive system,reproductive process,GO:0022414,pregnancy ,female pregnancy,GO:0007565,parturition,parturition,GO:0007567,active labor,,,uterine contraction,uterine smooth muscle contraction,GO:0070471,,,,,,,,,,,oxytocin and prostaglandins cause coordinated and rhythmic uterine contraction,tissue,uterus,uterus,UBERON: 0000995,myometrium,myometrium,UBERON:0001296,,does,contraction,,,,,,hours,,autocrine,,,,,,,,,,,,,,,,,,,,,,,,,,,,,"Medical Physiology, 3rd Edition (2017)",ISBN: 9781455743773,55,,,,,,,,,
female reproductive system,reproductive process,GO:0022414,pregnancy ,female pregnancy,GO:0007565,parturition,parturition,GO:0007567,active labor,,,uterine contraction,uterine smooth muscle contraction,GO:0070471,,,,,,,,,,,,tissue,uterus,uterus,UBERON: 0000995,myometrium,myometrium,UBERON:0001296,oxytocin,increases,contraction,,,,,,hours,circulatory,autocrine,,,,,,,,,,,,,,,,,,,,,,,,,,,,,"Medical Physiology, 3rd Edition (2017)",ISBN: 9781455743773,55,,,,,,,,,
female reproductive system,reproductive process,GO:0022414,pregnancy ,female pregnancy,GO:0007565,parturition,parturition,GO:0007567,active labor,,,uterine contraction,uterine smooth muscle contraction,GO:0070471,,,,,,,,,,,,tissue,uterus,uterus,UBERON: 0000995,myometrium,myometrium,UBERON:0001296,oxytocin,increases,contraction X,force,,,,,hours,circulatory,autocrine,,,,,,,,,,,,,,,,,,,,,,,,,,,,,"Medical Physiology, 3rd Edition (2017)",ISBN: 9781455743773,55,,,,,,,,,
female reproductive system,reproductive process,GO:0022414,pregnancy ,female pregnancy,GO:0007565,parturition,parturition,GO:0007567,active labor,,,uterine contraction,uterine smooth muscle contraction,GO:0070471,,,,,,,,,,,,tissue,uterus,uterus,UBERON: 0000995,myometrium,myometrium,UBERON:0001296,oxytocin,increases,contraction X,frequency,,,,,hours,circulatory,autocrine,,,,,,,,,,,,,,,,,,,,,,,,,,,,,"Medical Physiology, 3rd Edition (2017)",ISBN: 9781455743773,55,,,,,,,,,
female reproductive system,reproductive process,GO:0022414,pregnancy ,female pregnancy,GO:0007565,parturition,parturition,GO:0007567,active labor,,,uterine contraction,uterine smooth muscle contraction,GO:0070471,,,,,,,,,,,,tissue,uterus,uterus,UBERON: 0000995,myometrium,myometrium,UBERON:0001296,prostacyclin,increases,contraction,,,,,,hours,circulatory,autocrine,,,,,,,,,,,,,,,,,,,,,,,,,,,,,"Medical Physiology, 3rd Edition (2017)",ISBN: 9781455743773,55,,,,,,,,,
female reproductive system,reproductive process,GO:0022414,pregnancy ,female pregnancy,GO:0007565,parturition,parturition,GO:0007567,active labor,,,uterine contraction,uterine smooth muscle contraction,GO:0070471,,,,,,,,,,,,tissue,uterus,uterus,UBERON: 0000995,myometrium,myometrium,UBERON:0001296,prostacyclin,increases,contraction X,force,,,,,hours,circulatory,autocrine,,,,,,,,,,,,,,,,,,,,,,,,,,,,,"Medical Physiology, 3rd Edition (2017)",ISBN: 9781455743773,55,,,,,,,,,
female reproductive system,reproductive process,GO:0022414,pregnancy ,female pregnancy,GO:0007565,parturition,parturition,GO:0007567,active labor,,,uterine contraction,uterine smooth muscle contraction,GO:0070471,,,,,,,,,,,,tissue,uterus,uterus,UBERON: 0000995,myometrium,myometrium,UBERON:0001296,prostacyclin,increases,contraction X,frequency,,,,,hours,circulatory,autocrine,,,,,,,,,,,,,,,,,,,,,,,,,,,,,"Medical Physiology, 3rd Edition (2017)",ISBN: 9781455743773,55,,,,,,,,,
female reproductive system,reproductive process,GO:0022414,pregnancy ,female pregnancy,GO:0007565,parturition,parturition,GO:0007567,active labor,,,cervical dilation,,,,,,,,,,,,,contraction and pushing of fetal head against cervix leads to progressive cervical dilation,organ,uterus,uterus,UBERON: 0000995,cervix,uterine cervix,UBERON:0000002,myometrium contraction,decreases,contraction,,,,,,hours,intra-organ,autocrine,,,,,,,,,,,,,,,,,,,,,,,,,,,,,"Medical Physiology, 3rd Edition (2017)",ISBN: 9781455743773,55,,,,,,,,,
female reproductive system,reproductive process,GO:0022414,pregnancy ,female pregnancy,GO:0007565,parturition,parturition,GO:0007567,active labor,,,cervical dilation,,,,,,,,,,,,,,organ,uterus,uterus,UBERON: 0000995,cervix,uterine cervix,UBERON:0000002,myometrium contraction,increases,diameter,,,,,,hours,intra-organ,autocrine,,,,,,,,,,,,,,,,,,,,,,,,,,,,,"Medical Physiology, 3rd Edition (2017)",ISBN: 9781455743773,55,,,,,,,,,
female reproductive system,reproductive process,GO:0022414,pregnancy ,female pregnancy,GO:0007565,parturition,parturition,GO:0007567,involution,,,vasoconstriction,vasoconstriction,GO:0042310,,,,,,,,,,,oxytocin drives further uterine contraction to cause constriction of the spiral arteries and delivery of the placenta,tissue,placenta,placenta,UBERON:0001987,spiral artery,uterine spiral artery,UBERON:0015171,myometrium contraction,increases,contraction,,,,,,minutes,intra-organ,autocrine,,,,,,,,,,,,,,,,,,,,,,,,,,,,,"Medical Physiology, 3rd Edition (2017)",ISBN: 9781455743773,55,,,,,,,,,
female reproductive system,reproductive process,GO:0022414,pregnancy ,female pregnancy,GO:0007565,parturition,parturition,GO:0007567,involution,,,vasoconstriction,vasoconstriction,GO:0042310,,,,,,,,,,,,tissue,placenta,placenta,UBERON:0001987,spiral artery,uterine spiral artery,UBERON:0015171,myometrium contraction,decreases,diameter,,,,,,minutes,intra-organ,autocrine,,,,,,,,,,,,,,,,,,,,,,,,,,,,,"Medical Physiology, 3rd Edition (2017)",ISBN: 9781455743773,55,,,,,,,,,
female reproductive system,reproductive process,GO:0022414,pregnancy ,female pregnancy,GO:0007565,parturition,parturition,GO:0007567,involution,,,placenta delivery,,,,,,,,,,,,,placenta is delivered from the uterus through the vagina,organ,female reproductive system,female reproductive system,UBERON:0000474,uterus,uterus,UBERON: 0000995,myometrium contraction,increases,transport of X from Y to Z,placenta,uterus,vagina,,,minutes,intra-organ,intra-organ,,,,,,,,,,,,,,,,,,,,,,,,,,,,,"Medical Physiology, 3rd Edition (2017)",ISBN: 9781455743773,55,,,,,,,,,
female reproductive system,reproductive process,GO:0022414,lactation,lactation,GO:0007595,milk production,,,,,,,,,,,,,,,,,,,"driven by prolactin, mammary alveolar epithelial cells produce milk (sugar, lipids, protein)",cell,mammary gland,mammary gland,UBERON:0001911,alveolar epithelial cell,lactocyte,CL:0002325,,does,X secretion,milk,,,,,minutes,,intra-organ,,,,,,,,,,,,,,,,,,,,,,,,,,,,,"Medical Physiology, 3rd Edition (2017)",ISBN: 9781455743773,55,,,,,,,,,
female reproductive system,reproductive process,GO:0022414,lactation,lactation,GO:0007595,milk production,,,,,,,,,,,,,,,,,,,,cell,mammary gland,mammary gland,UBERON:0001911,alveolar epithelial cell,lactocyte,CL:0002325,prolactin,increases,X secretion,milk,,,,,minutes,circulatory,intra-organ,,,,,,,,,,,,,,,,,,,,,,,,,,,,,"Medical Physiology, 3rd Edition (2017)",ISBN: 9781455743773,55,,,,,,,,,
female reproductive system,reproductive process,GO:0022414,lactation,lactation,GO:0007595,milk production,,,prolactin secretion,prolactin secretion,GO:0070459,,,,,,,,,,,,,,nipple stimulation triggers prolactin secretion via dopamine inhibition by a spinal reflex pathway from sensory afferents,tissue,breast,breast,UBERON:0000310,intercostal nerve,intercostal nerve,UBERON:0003727,,does,sensation of X,nipple,,,,,minutes,,paracrine,,,,,,,,,,,,,,,,,,,,,,,,,,,,,"Medical Physiology, 3rd Edition (2017)",ISBN: 9781455743773,55,,,,,,,,,
female reproductive system,reproductive process,GO:0022414,lactation,lactation,GO:0007595,milk production,,,prolactin secretion,prolactin secretion,GO:0070459,,,,,,,,,,,,,,,cell,mammary gland,mammary gland,UBERON:0001911,alveolar epithelial cell,lactocyte,CL:0002325,sensation of nipple,increases,X secretion,milk,,,,,minutes,paracrine,intra-organ,,,,,,,,,,,,,,,,,,,,,,,,,,,,,"Medical Physiology, 3rd Edition (2017)",ISBN: 9781455743773,55,,,,,,,,,
female reproductive system,reproductive process,GO:0022414,lactation,lactation,GO:0007595,milk production,,,prolactin secretion,prolactin secretion,GO:0070459,,,,,,,,,,,,,,,organ,pituitary gland,pituitary gland,UBERON:0000007,anterior pituitary,adenohypophysis,UBERON:0002196,sensation of nipple,increases,X secretion,prolactin,,,,,minutes,paracrine,circulatory,,,,,,,,,,,,,,,,,,,,,,,,,,,,,"Medical Physiology, 3rd Edition (2017)",ISBN: 9781455743773,55,,,,,,,,,
female reproductive system,reproductive process,GO:0022414,lactation,lactation,GO:0007595,milk letdown,,,,,,,,,,,,,,,,,,,oxytocin release from physical and psychosocial stimuli triggers milk letdown,tissue,breast,breast,UBERON:0000310,mammary gland,mammary gland,UBERON:0001911,,does,X export,milk,,,,,"seconds, minutes",,intra-organ,,,,,,,,,,,,,,,,,,,,,,,,,,,,,"Medical Physiology, 3rd Edition (2017)",ISBN: 9781455743773,55,,,,,,,,,
female reproductive system,reproductive process,GO:0022414,lactation,lactation,GO:0007595,milk letdown,,,,,,,,,,,,,,,,,,,,tissue,breast,breast,UBERON:0000310,mammary gland,mammary gland,UBERON:0001911,oxytocin,increases,X export,milk,,,,,minutes,circulatory,intra-organ,,,,,,,,,,,,,,,,,,,,,,,,,,,,,"Medical Physiology, 3rd Edition (2017)",ISBN: 9781455743773,55,,,,,,,,,
female reproductive system,reproductive process,GO:0022414,lactation,lactation,GO:0007595,milk letdown,,,reflex,reflex,GO:0060004,,,,,,,,,,,,,,nursing triggers spinal cord reflex that triggers parvocellular neurons in the neurohypophysis to secrete oxytocin and trigger contraction of milk ducts leading to milk letdown,organ,pituitary gland,pituitary gland,UBERON:0000007,posterior pituitary,neurohypophysis,UBERON:0002198,sensation of nipple,increases,X secretion,oxytocin,,,,,seconds,paracrine,circulatory,,,,,,,,,,,,,,,,,,,,,,,,,,,,,"Medical Physiology, 3rd Edition (2017)",ISBN: 9781455743773,55,,,,,,,,,
female reproductive system,reproductive process,GO:0022414,lactation,lactation,GO:0007595,milk letdown,,,mammary duct contraction,,,,,,,,,,,,,,,,smooth muscle cells around the mammary ducts contract in response to oxytocin stimulation,tissue,breast,breast,UBERON:0000310,ductal smooth muscle,mammary gland smooth muscle,UBERON:0004235,,does,contraction,,,,,,seconds,,autocrine,,,,,,,,,,,,,,,,,,,,,,,,,,,,,"Medical Physiology, 3rd Edition (2017)",ISBN: 9781455743773,55,,,,,,,,,
female reproductive system,reproductive process,GO:0022414,lactation,lactation,GO:0007595,milk letdown,,,mammary duct contraction,,,,,,,,,,,,,,,,,tissue,breast,breast,UBERON:0000310,ductal smooth muscle,mammary gland smooth muscle,UBERON:0004235,oxytocin,increases,contraction,,,,,,seconds,circulatory,autocrine,,,,,,,,,,,,,,,,,,,,,,,,,,,,,"Medical Physiology, 3rd Edition (2017)",ISBN: 9781455743773,55,,,,,,,,,
female reproductive system,reproductive process,GO:0022414,lactation,lactation,GO:0007595,milk letdown,,,mammary duct contraction,,,,,,,,,,,,,,,,,tissue,breast,breast,UBERON:0000310,ductal smooth muscle,mammary gland smooth muscle,UBERON:0004235,oxytocin,increases,contraction X,force,,,,,seconds,circulatory,autocrine,,,,,,,,,,,,,,,,,,,,,,,,,,,,,"Medical Physiology, 3rd Edition (2017)",ISBN: 9781455743773,55,,,,,,,,,
female reproductive system,reproductive process,GO:0022414,lactation,lactation,GO:0007595,milk letdown,,,mammary duct contraction,,,,,,,,,,,,,,,,,tissue,breast,breast,UBERON:0000310,ductal smooth muscle,mammary gland smooth muscle,UBERON:0004235,oxytocin,increases,contraction X,frequency,,,,,seconds,circulatory,autocrine,,,,,,,,,,,,,,,,,,,,,,,,,,,,,"Medical Physiology, 3rd Edition (2017)",ISBN: 9781455743773,55,,,,,,,,,
female reproductive system,reproductive process,GO:0022414,lactation,lactation,GO:0007595,milk letdown,,,,,,,,,,,,,,,,,,,,tissue,breast,breast,UBERON:0000310,mammary gland,mammary gland,UBERON:0001911,mammary gland smooth muscle contraction,increases,X export,milk,,,,,seconds,intra-organ,intra-organ,,,,,,,,,,,,,,,,,,,,,,,,,,,,,"Medical Physiology, 3rd Edition (2017)",ISBN: 9781455743773,55,,,,,,,,,
female reproductive system,reproductive process,GO:0022414,lactation,lactation,GO:0007595,nipple stimulation,,,ovarian cycle inhibition,,,,,,,,,,,,,,,,"reduction of GnRH release by suckling leads to decreased FSH and LH, inhibiting ovarian cycle during nursing",cell,paraventricular nucleus,paraventricular nucleus of hypothalamus,UBERON:0001930,parvocellular neurons,parvocellular neurosecretory cell,CL:1001505,sensation of nipple,decreases,X secretion,gonadotropin releasing hormone,,,,,"seconds, minutes",paracrine,circulatory,,,,,,,,,,,,,,,,,,,,,,,,,,,,,"Medical Physiology, 3rd Edition (2017)",ISBN: 9781455743773,55,,,,,,,,,